sample_id,split,gender,discipline,clinical_experience,country,question_type,prompt,question,question_clean,answer_options,correct_answer,answer_rationale,specialty,region_specific,mentions_Africa,mentions_age,mentions_gender,tier,neg_percent,quality,rated_african,rated_correct,rated_omission,rated_hallucination,rated_reasonable,rated_harmful,rated_bias,version
b844d43bfd0513f31128936956ee75a5b9d2e26e2b7cc8a01c7d1ecc183a36ef,train,Female,Nursing,Student,NG,mcq,,Which of the following is a common cause of blindness in African populations?,Which of the following is a common cause of blindness in African populations?,"{""option1"": ""Trachoma"", ""option2"": ""Onchocerciasis"", ""option3"": ""Vitamin A deficiency"", ""option4"": ""Glaucoma"", ""option5"": ""Cataracts""}",option1,"Trachoma, a bacterial infection caused by Chlamydia trachomatis, is a leading cause of preventable blindness in Africa, particularly in rural communities with poor sanitation.",Ophthalmology,,1.0,0.0,0.0,crowdsourced,0.0,,0.0,,,,,,,v3
2d89ae63798d4d4aae5cd45c68708c8aa4fd16c98abdb43f83044e554f8c2c03,train,Female,Nursing,Student,NG,mcq,,Which of the following is the leading cause of blindness in African adults?,Which of the following is the leading cause of blindness in African adults?,"{""option1"": ""Glaucoma"", ""option2"": ""Cataracts"", ""option3"": ""Diabetic retinopathy"", ""option4"": ""Trachoma"", ""option5"": ""Age-related macular degeneration (AMD)""}",option2,"Cataracts are the leading cause of blindness in African adults, often due to limited access to cataract surgery.",Ophthalmology,,1.0,0.0,0.0,crowdsourced,0.0,,0.0,,,,,,,v3
6aa729b4318ab1daf8ab1c785598de155271f219ed216b32e6d7edec6ce0686f,train,Female,Health Research,Researcher,ZA,consumer_queries,"Your female flatmate complains of severe pain, redness in the eye, blurry vision and thinks she has Corneal ulcer and is going to visit the nearest doctor. Question: ",What treatments are available for corneal ulcers?,What treatments are available for corneal ulcers?,,,,Ophthalmology,,0.0,0.0,0.0,crowdsourced,0.0,,,,,,,,,v3
cd2e3b66e54336191674a46d1d2b1e185c8c2578da71834a02c8e7971b27b463,train,Female,Pharmacy,Student,KE,consumer_queries,"Your male neighbor complains of pain, loss of color vision, blurred vision and thinks he has Optic neuritis and is going to visit the nearest doctor. Question: ","Does high screen time worsen my symptoms? If so, how can I manage that?","Does high screen time worsen my symptoms? If so, how can I manage that?",,,,Ophthalmology,,0.0,0.0,0.0,crowdsourced,0.0,,,,,,,,,v3
057be0ed185dbd0fcab6fcd4ef573068ac962c62956f939fd500640a77bbd200,train,Female,Pharmacy,Intern,ZA,consumer_queries,"Your male coworker complains of vision problems, especially in dim light and thinks he has Sickle cell retinopathy and is going to visit the nearest doctor. Question: ",Could my vision problems be related to any other underlying conditions besides sickle cell retinopathy?,Could my vision problems be related to any other underlying conditions besides sickle cell retinopathy?,,,,Ophthalmology,,0.0,0.0,0.0,crowdsourced,0.0,,,,,,,,,v3
741f3e51d591b840ff374f9bab6096789ab96bc603df3f49efdc872b6b164f48,train,Female,,,ZA,consumer_queries,"Your male classmate complains of redness, itching, discharge from one or both eyes and thinks he has Conjunctivitis (Pink Eye) and is going to visit the nearest doctor. Question: ",What are my treatment options for Conjunctivitis and can it be prevented?,What are my treatment options for Conjunctivitis and can it be prevented?,,,,Ophthalmology,,0.0,0.0,0.0,crowdsourced,0.0,True,,,,,,,,v3
76e08a45e47ca1a00ce1a90b8ad3c60f2807a3b645a49a6c114387411e4380ff,train,Female,Pharmacy,Licensed Professional,GH,consumer_queries,"Your male neighbor complains of pain, loss of color vision, blurred vision and thinks he has Optic neuritis and is going to visit the nearest doctor. Question: ","Please Doctor, what causes optic neuritis, can it be caused by bacterial infection, viral or trauma?","Please Doctor, what causes optic neuritis, can it be caused by bacterial infection, viral or trauma?",,,,Ophthalmology,,0.0,0.0,0.0,crowdsourced,0.25,,,,,,,,,v3
33a7520d260a025f60552c8c6270f25a3c89c7e2d50bd3967ad186227c626848,train,Female,,,ZA,consumer_queries,"Your female coworker complains of dryness, redness, irritation in the eyes and thinks she has Dry eye syndrome and is going to visit the nearest doctor. Question: ",Which treatment she needs to take?,Which treatment she needs to take?,,,,Ophthalmology,,0.0,0.0,0.0,crowdsourced,0.11,True,,,,,,,,v3
1973b76f5e73257a8ec2b745b81faa4a6c8067ba4e6e9b037a7a034cef8a033d,train,Female,Nursing,Student,KE,consumer_queries,"Your female classmate complains of sudden loss of vision, seeing floaters and thinks she has Vitreous hemorrhage and is going to visit the nearest doctor. Question: ",How urgent is a vitreous hemorrhage?,How urgent is a vitreous hemorrhage?,,,,Ophthalmology,,0.0,0.0,0.0,crowdsourced,0.01,True,,,,,,,,v3
3b5b4d83ff05f1b94ed008225a9f7edadabee759bd4ac3b0e34962c496ecf1d9,train,Female,Non-Health,Student,ZA,consumer_queries,Your male roommate complains of difficulty in reading or seeing at close range and thinks he has Presbyopia and is going to visit the nearest doctor. Question: ,Does the fact that I have diabetes contribute to my sight problems?,Does the fact that I have diabetes contribute to my sight problems?,,,,Ophthalmology,,0.0,0.0,0.0,crowdsourced,0.0,,,,,,,,,v3
4503e82924990cd1ec8629dc0a2757f8f931a655503b90b91dc0b23999108990,train,Female,,,ZA,consumer_queries,"Your flatmate's child complains of blurry vision, seeing ghost images and thinks he has Keratoconus and is going to visit the nearest doctor. Question: ",Is zhe child losing the mind?,Is zhe child losing the mind?,,,,Ophthalmology,,0.0,1.0,0.0,crowdsourced,0.03,False,,,,,,,,v3
7cc400cea32da9d195c8151590284729704afad98b29437d11430f99588d6b08,train,Male,Non-Health,Consultant,KE,consumer_queries,Your male flatmate complains of growth on the eye that may affect vision and thinks he has Pterygium and is going to visit the nearest doctor. Question: ,Is a pterygium cancerous or benign?,Is a pterygium cancerous or benign?,,,,Ophthalmology,,0.0,0.0,0.0,crowdsourced,0.0,,,,,,,,,v3
56a0e185d9427c17f2416d447954f166ccbb6ef3c1239dd6b364200f12ceed9f,train,Female,,,PH,consumer_queries,"Your female friend complains of eyelid swelling, redness, itching and thinks she has Blepharitis and is going to visit the nearest doctor. Question: ",Is there any cosmetic restriction I should be concerned about?,Is there any cosmetic restriction I should be concerned about?,,,,Ophthalmology,,0.0,0.0,0.0,crowdsourced,0.02,True,,,,,,,,v3
54cb2b50296b1ff1b955da6ff1b79e375a16c87540b8f39690fd1b9b51a4e8a5,train,Female,,,ZA,consumer_queries,"Your female flatmate complains of blurred vision, seeing halos around lights and thinks she has Cataracts and is going to visit the nearest doctor. Question: ",What are the symptoms of this illness ,What are the symptoms of this illness ,,,,Ophthalmology,,0.0,0.0,0.0,crowdsourced,0.03,True,,,,,,,,v3
a19162402e9ad6938efe2559d220828594da7e4372734b495b20728c929928ae,train,Female,,,ZA,consumer_queries,"Your female flatmate complains of severe pain, redness in the eye, blurry vision and thinks she has Corneal ulcer and is going to visit the nearest doctor. Question: ",Will she lose her vision?,Will she lose her vision?,,,,Ophthalmology,,0.0,0.0,0.0,crowdsourced,0.11,True,,,,,,,,v3
04461c66d085ea1bff9b2684b0db5813997d1f6cc84eef559841a0ebe6dc977d,train,Female,Health Research,Licensed Professional,KE,consumer_queries,"Your female coursemate complains of flashes of light, seeing ""floaters"" and thinks she has Retinal detachment and is going to visit the nearest doctor. Question: ",What are the treatment options for retinal detachment?,What are the treatment options for retinal detachment?,,,,Ophthalmology,,0.0,0.0,0.0,crowdsourced,0.25,,,,,,,,,v3
c45874e361202b9ed23e6f14b7a9405990f461f2b8ffa97a90a58c2abb42d843,train,Male,Pharmacy,Student,KE,consumer_queries,"Your male classmate complains of redness, itching, discharge from one or both eyes and thinks he has Conjunctivitis (Pink Eye) and is going to visit the nearest doctor. Question: ",Can i go blind if i don't treat this well?,Can i go blind if i don't treat this well?,,,,Ophthalmology,,0.0,0.0,0.0,crowdsourced,0.0,True,,,,,,,,v3
ce92780cdec79efaa883659371536c1d8cf38a26bc17deb02c95f12b8c2c53bc,train,Female,,,ZA,consumer_queries,Your female roommate complains of blurred or no vision in the center of the visual field and thinks she has Age-related Macular Degeneration (AMD) and is going to visit the nearest doctor. Question: ,when did you start experiencing this??,when did you start experiencing this??,,,,Ophthalmology,,0.0,0.0,0.0,crowdsourced,1.0,,,,,,,,,v3
fa93e534a0014c6d42e061bdaa49cf3acbeace405dbf697433be90c9c5224098,train,Female,Health Research,Licensed Professional,KE,consumer_queries,Your female roommate complains of difficulty reading or seeing at a distance and thinks she has Refractive Errors and is going to visit the nearest doctor. Question: ,How do you fix a refractive error?,How do you fix a refractive error?,,,,Ophthalmology,,0.0,0.0,0.0,crowdsourced,0.25,,,,,,,,,v3
6c343c4bb4d74f1db714a53a29062530a94e3aa97690065aa92bd933c511e9c2,train,Female,Health Research,Other,ZA,consumer_queries,"Your female coworker complains of dryness, redness, irritation in the eyes and thinks she has Dry eye syndrome and is going to visit the nearest doctor. Question: ",Can not drinking enough water cause this syndrome?,Can not drinking enough water cause this syndrome?,,,,Ophthalmology,,0.0,0.0,0.0,crowdsourced,0.43,,,,,,,,,v3
bf911f0e478fdc1739189ad5dceb149d8f2384a000d6cc81acda8e7a6da27023,train,Female,Health Research,Researcher,ZA,consumer_queries,"Your female classmate complains of sudden loss of vision, seeing floaters and thinks she has Vitreous hemorrhage and is going to visit the nearest doctor. Question: ",How to treat this disease ,How to treat this disease ,,,,Ophthalmology,,0.0,0.0,0.0,crowdsourced,0.44,,,,,,,,,v3
f516b3bdbae745c2e13eee017cc14f915054fd969e5c62b4009bcb3bf78cf6ff,train,Female,Medicine,Student,KE,consumer_queries,"Your male neighbor complains of pain, loss of color vision, blurred vision and thinks he has Optic neuritis and is going to visit the nearest doctor. Question: ",are there any available treatment options available for me? what are the chances of me becoming blind?,are there any available treatment options available for me? what are the chances of me becoming blind?,,,,Ophthalmology,,0.0,0.0,0.0,crowdsourced,0.0,,,,,,,,,v3
bece1245305841966fa4b8e3e22d8078ca1605efb7e4163748d1ebd230befb7e,train,Female,Nursing,Student,KE,consumer_queries,"Your female friend complains of eyelid swelling, redness, itching and thinks she has Blepharitis and is going to visit the nearest doctor. Question: ",What is the best advice for blepharitis?,What is the best advice for blepharitis?,,,,Ophthalmology,,0.0,0.0,0.0,crowdsourced,0.01,True,,,,,,,,v3
1f76dba75c42b9a3d533126ff37b85a5fe40257764b091445f34c78c00a0e794,train,Female,,,ZA,consumer_queries,"Your female flatmate complains of blurred vision, seeing halos around lights and thinks she has Cataracts and is going to visit the nearest doctor. Question: ",Will this be permanent ,Will this be permanent ,,,,Ophthalmology,,0.0,0.0,0.0,crowdsourced,0.03,,,,,,,,,v3
ba69c2f795e10129e7814720187b09bb14f83fd7810094e8eab227cca06a4ba2,train,Female,,,PH,consumer_queries,"Your female neighbor complains of severe pain, redness in the eye, vision loss and thinks she has Endophthalmitis and is going to visit the nearest doctor. Question: ",What type of eyedrops can I use to reduce inflammation of the eye?,What type of eyedrops can I use to reduce inflammation of the eye?,,,,Ophthalmology,,0.0,0.0,0.0,crowdsourced,0.02,True,,,,,,,,v3
a11d00ca53aed2bba83e5a2e3a9affe65cd3c49af1308043292a1372b963eecf,train,Female,Pharmacy,Other,ZA,consumer_queries,"Your female neighbor complains of severe pain, redness in the eye, vision loss and thinks she has Endophthalmitis and is going to visit the nearest doctor. Question: ","""Is there any damage to my cornea?"" The cornea is the clear part of the eye, and it's very important for vision","""Is there any damage to my cornea?"" The cornea is the clear part of the eye, and it's very important for vision",,,,Ophthalmology,,0.0,0.0,0.0,crowdsourced,0.33,False,,,,,,,,v3
27ed2009501f3b3e32a0561417051e0d18487db12a8c19fb6fd87d49c012d4aa,train,Female,Health Research,Researcher,ZA,consumer_queries,"Your female flatmate complains of pain, irritation in the eyes, and discharge and thinks she has Trachoma and is going to visit the nearest doctor. Question: ",How to treat this ,How to treat this ,,,,Ophthalmology,,0.0,0.0,0.0,crowdsourced,0.44,,,,,,,,,v3
1184161c664df17d4cbe43088196cc80ac6a2e7bdba616024c4899f6f3bf4e74,train,Male,,,KE,consumer_queries,"Your male friend complains of eye redness, pain, blurred vision and thinks he has Uveitis and is going to visit the nearest doctor. Question: ",How long have you been with the condition?,How long have you been with the condition?,,,,Ophthalmology,,0.0,0.0,0.0,crowdsourced,1.0,False,,,,,,,,v3
cee196b7c19550d47ff30b68d52ae11dae05342631d52fae3ffbff6163bb9fe0,train,Female,Pharmacy,Other,ZA,consumer_queries,"Your male coworker complains of vision problems, especially in dim light and thinks he has Sickle cell retinopathy and is going to visit the nearest doctor. Question: ",Is there a laser treatment for Sickle cell Retinopathy? ,Is there a laser treatment for Sickle cell Retinopathy? ,,,,Ophthalmology,,0.0,0.0,0.0,crowdsourced,0.33,,,,,,,,,v3
9b55c2a4cc00b7f3a7e00092eacd3b74b620444c8ee9ef60625fa5522d36a633,train,Female,Medicine,Licensed Professional,ZA,consumer_queries,"Your female flatmate complains of severe pain, redness in the eye, blurry vision and thinks she has Corneal ulcer and is going to visit the nearest doctor. Question: ",What the worst that could happen to her eyes if it is corneal ulcer that she is suffering from? Is there by any chance that she is going to need surgery? ,What the worst that could happen to her eyes if it is corneal ulcer that she is suffering from? Is there by any chance that she is going to need surgery? ,,,,Ophthalmology,,0.0,0.0,0.0,crowdsourced,0.16,True,,,,,,,,v3
befab7ae95357b804699733e9e9240bce023772bcc1dc63345655f9368b58d82,train,Male,Medicine,Student,KE,consumer_queries,"Your male classmate complains of severe itching, bumps under the skin, blindness and thinks he has River blindness (Onchocerciasis) and is going to visit the nearest doctor. Question: ",What is the role of antibiotics (Doxycycline) in treatment if it is a parasitic infection?,What is the role of antibiotics (Doxycycline) in treatment if it is a parasitic infection?,,,,Ophthalmology,,0.0,0.0,0.0,crowdsourced,0.0,,,,,,,,,v3
97b2f28e0eb3dcf0312bcb7bf940dcbaa3643bdef89bfff5e12329f9e5468343,train,Female,Non-Health,Other,ZA,consumer_queries,"Your female neighbor complains of severe pain, redness in the eye, vision loss and thinks she has Endophthalmitis and is going to visit the nearest doctor. Question: ",Is this curable?,Is this curable?,,,,Ophthalmology,,0.0,0.0,0.0,crowdsourced,0.0,,,,,,,,,v3
132ead94005d1cb244895fef8599ddb4383afb767aecb81250f36d311827542e,train,Male,Non-Health,Consultant,KE,consumer_queries,"Your male coworker complains of vision problems, especially in dim light and thinks he has Sickle cell retinopathy and is going to visit the nearest doctor. Question: ",What medical problems are caused by sickle cell disease? .,What medical problems are caused by sickle cell disease? .,,,,Ophthalmology,,0.0,0.0,0.0,crowdsourced,0.0,,,,,,,,,v3
c9702c9460e539a28634cee53c456b020dfb813caaf21de3d30dcc1fd8f872a7,train,Female,Non-Health,Other,KE,consumer_queries,Your female classmate complains of loss of peripheral vision and thinks she has Glaucoma and is going to visit the nearest doctor. Question: ,"Is eating carrots as useful at this point? Also, can I wear my contact lenses for beauty purposes?","Is eating carrots as useful at this point? Also, can I wear my contact lenses for beauty purposes?",,,,Ophthalmology,,0.0,0.0,0.0,crowdsourced,0.0,,,,,,,,,v3
f34f1262165094f5ebdfb6bad33715d5d6d0775b7177ae15471deb02e447b759,train,Female,Pharmacy,Student,KE,consumer_queries,"Your female coworker complains of dryness, redness, irritation in the eyes and thinks she has Dry eye syndrome and is going to visit the nearest doctor. Question: ",Will my vision he affected in the long run?,Will my vision he affected in the long run?,,,,Ophthalmology,,0.0,0.0,0.0,crowdsourced,0.0,,,,,,,,,v3
7bbc465187edd0e508e3ebc8736c19cb918caf28a775788f6c272db022e3e259,train,Female,Pharmacy,Other,ZA,consumer_queries,"Your female classmate complains of sudden loss of vision, seeing floaters and thinks she has Vitreous hemorrhage and is going to visit the nearest doctor. Question: ",What are other things that can help besides wearing eye glasses? ,What are other things that can help besides wearing eye glasses? ,,,,Ophthalmology,,0.0,0.0,0.0,crowdsourced,0.33,,,,,,,,,v3
1baa8329ffdf3f28f855dcacc4bde4b273e718c992a4dff74932fa11cc5ed684,train,Female,Health Research,Other,ZA,consumer_queries,"Your female flatmate complains of blurred vision, seeing halos around lights and thinks she has Cataracts and is going to visit the nearest doctor. Question: ",Can my vision go back to normal if I practice healthy diet?,Can my vision go back to normal if I practice healthy diet?,,,,Ophthalmology,,0.0,0.0,0.0,crowdsourced,0.43,,,,,,,,,v3
ffaaf1e4aebaaa1abc58e0a57cd9becb6da0ae863b8f7d2cc9f36f70c40171ae,train,Female,Non-Health,Intern,PH,consumer_queries,"Your female flatmate complains of pain, irritation in the eyes, and discharge and thinks she has Trachoma and is going to visit the nearest doctor. Question: ","What preventive measures can I take to reduce the risk of contracting or spreading Trachoma, especially in environments where it is prevalent?","What preventive measures can I take to reduce the risk of contracting or spreading Trachoma, especially in environments where it is prevalent?",,,,Ophthalmology,,0.0,0.0,0.0,crowdsourced,0.0,,,,,,,,,v3
f3fcdb43563052a3e8ac38f5aab465760d038d82d27853889d12f06450a7e1d9,train,Female,Non-Health,Student,LS,consumer_queries,"Your female coworker complains of dryness, redness, irritation in the eyes and thinks she has Dry eye syndrome and is going to visit the nearest doctor. Question: ",What is she supposed to do to reduce the dryness in the eyes,What is she supposed to do to reduce the dryness in the eyes,,,,Ophthalmology,,0.0,0.0,0.0,crowdsourced,0.0,True,,,,,,,,v3
208505820eb0d4873287e0366ff181adc0af470c2bcc81844aff9779d6e6e885,train,Male,Medicine,Resident,KE,consumer_queries,"Your female flatmate complains of blurred vision, seeing halos around lights and thinks she has Cataracts and is going to visit the nearest doctor. Question: ","When cataracts occur, can they be cured medically or do I need to undergo surgery to restore my vision?","When cataracts occur, can they be cured medically or do I need to undergo surgery to restore my vision?",,,,Ophthalmology,,0.0,0.0,0.0,crowdsourced,0.25,,,,,,,,,v3
fc140474fb829747ed343aa748451ca4b69acc92cb48fb0c2aa06433d770acf9,train,Male,Pharmacy,Student,KE,consumer_queries,"Your female flatmate complains of blurred vision, seeing halos around lights and thinks she has Cataracts and is going to visit the nearest doctor. Question: ",could I potentially lose my sight permanently?,could I potentially lose my sight permanently?,,,,Ophthalmology,,0.0,0.0,0.0,crowdsourced,0.0,,,,,,,,,v3
37054094eb1777c81c3c9c01fc2006e854b827f11b1060d10b13d68c1320318b,train,Male,Medicine,Other,KE,consumer_queries,"Your male classmate complains of redness, itching, discharge from one or both eyes and thinks he has Conjunctivitis (Pink Eye) and is going to visit the nearest doctor. Question: ","How can we figure out if my eye infection is caused by a virus, bacteria, or an allergy, and what does that mean for how it’s treated?","How can we figure out if my eye infection is caused by a virus, bacteria, or an allergy, and what does that mean for how it’s treated?",,,,Ophthalmology,,0.0,0.0,0.0,crowdsourced,0.0,,,,,,,,,v3
cb085931b0742efc173a0d4192e46e48d06220e1a05c634766b751af1fbc971b,train,Female,Health Research,Licensed Professional,KE,consumer_queries,"Your female flatmate complains of pain, irritation in the eyes, and discharge and thinks she has Trachoma and is going to visit the nearest doctor. Question: ",Does trachoma cause blindness?,Does trachoma cause blindness?,,,,Ophthalmology,,0.0,0.0,0.0,crowdsourced,0.25,,,,,,,,,v3
3f30ec1a957892d7604f7d2e761670562e94bc1ebc246a41e7b9aaa37e71286a,train,Female,,,ZA,consumer_queries,"Your female neighbor complains of severe pain, redness in the eye, vision loss and thinks she has Endophthalmitis and is going to visit the nearest doctor. Question: ",How can one know that it is Endophthalmitis not just an eye infection? ,How can one know that it is Endophthalmitis not just an eye infection? ,,,,Ophthalmology,,0.0,0.0,0.0,crowdsourced,0.07,True,,,,,,,,v3
8e53fd7e91d73c2c43ff3ac423ba43c402b7c54c6b4bcd8e302e89dc1e306eac,train,Female,Pharmacy,Licensed Professional,AU,consumer_queries,"Your female coursemate complains of flashes of light, seeing ""floaters"" and thinks she has Retinal detachment and is going to visit the nearest doctor. Question: ","What are the potential treatment options available for retinal detachment, and what are the success rates and risks associated with each option?","What are the potential treatment options available for retinal detachment, and what are the success rates and risks associated with each option?",,,,Ophthalmology,,0.0,0.0,0.0,crowdsourced,0.0,,,,,,,,,v3
cb42b156ae5d96de782af10d33690130627567630c2032bf130b1e36e7f3dde8,train,Female,,,ZA,consumer_queries,"Your female flatmate complains of severe pain, redness in the eye, blurry vision and thinks she has Corneal ulcer and is going to visit the nearest doctor. Question: ",Will she loses her vision?,Will she loses her vision?,,,,Ophthalmology,,0.0,0.0,0.0,crowdsourced,0.03,True,,,,,,,,v3
16b9f4e153d9b2a54cea694dbc6d4517e4aa4814f0d04462f7a54a61f66887b9,train,Female,Pharmacy,Student,KE,consumer_queries,Your male roommate complains of difficulty in reading or seeing at close range and thinks he has Presbyopia and is going to visit the nearest doctor. Question: ,Does high light conditions worsen or better my condition?,Does high light conditions worsen or better my condition?,,,,Ophthalmology,,0.0,0.0,0.0,crowdsourced,0.0,,,,,,,,,v3
7e3a956b11dd290f6e18abe6ce90e5c75811c5f2831f077890de755c521abd22,train,Male,Non-Health,Technician,KE,consumer_queries,Your male roommate complains of difficulty in reading or seeing at close range and thinks he has Presbyopia and is going to visit the nearest doctor. Question: ,"What are the best treatment options for Presbyopia, and how can I manage this conditions effectively?","What are the best treatment options for Presbyopia, and how can I manage this conditions effectively?",,,,Ophthalmology,,0.0,0.0,0.0,crowdsourced,0.12,,,,,,,,,v3
1860f02d8bba1ba92af3327bd3e32b83cacc979071ebb4472242a705b08266f8,train,Female,Nursing,Licensed Professional,KE,consumer_queries,"Your male classmate complains of severe itching, bumps under the skin, blindness and thinks he has River blindness (Onchocerciasis) and is going to visit the nearest doctor. Question: ","What preventive measures can I take to avoid contracting Onchocerciasis in the future, especially if I live in or travel to endemic areas?","What preventive measures can I take to avoid contracting Onchocerciasis in the future, especially if I live in or travel to endemic areas?",,,,Ophthalmology,,0.0,0.0,0.0,crowdsourced,0.08,,,,,,,,,v3
d7ea26af50a483891a044fd04b7467e8d02ceef295716ca32b762d6f6d5b0c86,train,Female,Health Research,Other,ZA,consumer_queries,Your female classmate complains of loss of peripheral vision and thinks she has Glaucoma and is going to visit the nearest doctor. Question: ,Can taking more pills cause more damage?,Can taking more pills cause more damage?,,,,Ophthalmology,,0.0,0.0,0.0,crowdsourced,0.43,,,,,,,,,v3
35c9105b7b1b6c7b0d5bad28b9dab716457bf3c2753e4a8089c93cdd4e868393,train,Female,Non-Health,Other,KE,consumer_queries,Your female classmate complains of loss of peripheral vision and thinks she has Glaucoma and is going to visit the nearest doctor. Question: ,What will happen if I don't get treated ASAP? She doesn't have the financial capability.,What will happen if I don't get treated ASAP? She doesn't have the financial capability.,,,,Ophthalmology,,0.0,0.0,0.0,crowdsourced,0.0,,,,,,,,,v3
803f4be1252a13abdfcc7cab4dc94e1b98695f19133c09b608f299165e61b4fa,train,Female,Health Research,Researcher,ZA,consumer_queries,"Your female neighbor complains of severe pain, redness in the eye, vision loss and thinks she has Endophthalmitis and is going to visit the nearest doctor. Question: ",Could she also have pink eye?,Could she also have pink eye?,,,,Ophthalmology,,0.0,0.0,0.0,crowdsourced,0.14,True,,,,,,,,v3
7a35a728cd0694a2225a01915aa8a0d1896573095563c628debfb09dcd79632b,train,Female,,,ZA,consumer_queries,Your male flatmate complains of growth on the eye that may affect vision and thinks he has Pterygium and is going to visit the nearest doctor. Question: ,Will he loss his vision?,Will he loss his vision?,,,,Ophthalmology,,0.0,0.0,0.0,crowdsourced,0.11,True,,,,,,,,v3
b754e05b63fe4e530d0fbf45d79dea32bf9c14c44d68f0e33f952ee16e347153,train,Female,Non-Health,Other,ZA,consumer_queries,Your male roommate complains of difficulty in reading or seeing at close range and thinks he has Presbyopia and is going to visit the nearest doctor. Question: ,"Could there be any underlying health conditions contributing to my presbyopia, and how can I address or manage them alongside treating the vision issue?","Could there be any underlying health conditions contributing to my presbyopia, and how can I address or manage them alongside treating the vision issue?",,,,Ophthalmology,,0.0,0.0,0.0,crowdsourced,0.03,,,,,,,,,v3
ad4ed65d5465a60fa0d30a44bf9c30f24e1b36da623a65aa289d96c2245f44ca,train,Female,,,PH,consumer_queries,"Your female friend complains of eyelid swelling, redness, itching and thinks she has Blepharitis and is going to visit the nearest doctor. Question: ",How is Blepharitis Related to Dry Eye Disease?,How is Blepharitis Related to Dry Eye Disease?,,,,Ophthalmology,,0.0,0.0,0.0,crowdsourced,0.0,True,,,,,,,,v3
ef18bf7d558cc33c775d18e7c3664297ce45839739662354acdd0811fb91f87c,train,Female,Non-Health,Intern,PH,consumer_queries,"Your male classmate complains of redness, itching, discharge from one or both eyes and thinks he has Conjunctivitis (Pink Eye) and is going to visit the nearest doctor. Question: ","What precautions should I take to prevent the spread of Conjunctivitis (Pink Eye) to others, and how can I avoid re-infecting myself?","What precautions should I take to prevent the spread of Conjunctivitis (Pink Eye) to others, and how can I avoid re-infecting myself?",,,,Ophthalmology,,0.0,0.0,0.0,crowdsourced,0.0,,,,,,,,,v3
3c33052f5201ff70ad82ea0ce6e26876a0182220ac6e0f067e07642ae794d08e,train,Female,Health Research,Researcher,ZA,consumer_queries,"Your male coworker complains of vision problems, especially in dim light and thinks he has Sickle cell retinopathy and is going to visit the nearest doctor. Question: ",What tests can be done to confirm that his vision problems are related to Sickle cell retinopathy?,What tests can be done to confirm that his vision problems are related to Sickle cell retinopathy?,,,,Ophthalmology,,0.0,0.0,0.0,crowdsourced,0.0,,,,,,,,,v3
7c385b38a78cdd047d3ae241462632f13656ca70f186eb85e188e142f67e99af,train,Male,Pharmacy,Student,KE,consumer_queries,"Your flatmate's child complains of blurry vision, seeing ghost images and thinks he has Keratoconus and is going to visit the nearest doctor. Question: ",is this condition reversible?,is this condition reversible?,,,,Ophthalmology,,0.0,0.0,0.0,crowdsourced,0.0,,,,,,,,,v3
602c9b7dd631c3394b8059371abcdcf3f956b24da013e1c713858769be975b2d,train,Female,Health Research,Researcher,ZA,consumer_queries,"Your flatmate's child complains of blurry vision, seeing ghost images and thinks he has Keratoconus and is going to visit the nearest doctor. Question: ",Are there any specific lifestyle changes or habits I should adopt to manage or slow down the progression of Keratoconus?,Are there any specific lifestyle changes or habits I should adopt to manage or slow down the progression of Keratoconus?,,,,Ophthalmology,,0.0,0.0,0.0,crowdsourced,0.09,,,,,,,,,v3
86ebf64321ec3a8c4e7746bf5677087fdca5c4568ec7454b7705dd09f9c59926,train,Male,,,ZA,consumer_queries,"Your male classmate complains of redness, itching, discharge from one or both eyes and thinks he has Conjunctivitis (Pink Eye) and is going to visit the nearest doctor. Question: ",Which medication will help ,Which medication will help ,,,,Ophthalmology,,0.0,0.0,0.0,crowdsourced,0.05,True,,,,,,,,v3
3582f1d2407c633b79602e05c450878d3e2b5b40d25375344fd58fd89b3bfa00,train,Male,Medicine,Resident,KE,consumer_queries,"Your female flatmate complains of severe pain, redness in the eye, blurry vision and thinks she has Corneal ulcer and is going to visit the nearest doctor. Question: ",What precautions should I take to prevent further irritation or infection of the corneal ulcer during the healing process?,What precautions should I take to prevent further irritation or infection of the corneal ulcer during the healing process?,,,,Ophthalmology,,0.0,0.0,0.0,crowdsourced,0.0,,,,,,,,,v3
994c5b2add51b803578f96a5d00e9c8037e507f834b6d3600872f6234fb28f5a,train,Female,Nursing,Student,KE,consumer_queries,"Your female flatmate complains of blurred vision, seeing halos around lights and thinks she has Cataracts and is going to visit the nearest doctor. Question: ",What is the major objective finding seen with cataracts?,What is the major objective finding seen with cataracts?,,,,Ophthalmology,,0.0,0.0,0.0,crowdsourced,0.01,True,,,,,,,,v3
a38f27b0caceca0507508f3d878a4728b6f45a6487cb523463dd7c309d4935e6,train,Female,Health Research,Student,MZ,consumer_queries,Your female roommate complains of blurred or no vision in the center of the visual field and thinks she has Age-related Macular Degeneration (AMD) and is going to visit the nearest doctor. Question: ,How can I treat this disease?,How can I treat this disease?,,,,Ophthalmology,,0.0,0.0,0.0,crowdsourced,0.47,,,,,,,,,v3
a435132e3d6e548f88e53c1e2c3eeca3f81023e15875232ccbf8a6a4b6c3bd34,train,Female,Nursing,Licensed Professional,KE,consumer_queries,"Your female friend complains of eyelid swelling, redness, itching and thinks she has Blepharitis and is going to visit the nearest doctor. Question: ",What daily eyelid hygiene practices or treatments can I incorporate into my routine to manage and prevent recurrent episodes of blepharitis?,What daily eyelid hygiene practices or treatments can I incorporate into my routine to manage and prevent recurrent episodes of blepharitis?,,,,Ophthalmology,,0.0,0.0,0.0,crowdsourced,0.08,True,,,,,,,,v3
ee120fc333067759808519599ce8e67f5bae5c5f2909c209a919418e2101a709,train,Female,Pharmacy,Other,ZA,consumer_queries,"Your female coursemate complains of flashes of light, seeing ""floaters"" and thinks she has Retinal detachment and is going to visit the nearest doctor. Question: ",How do I know if I have a renital  tear? ,How do I know if I have a renital tear? ,,,,Ophthalmology,,0.0,0.0,0.0,crowdsourced,0.33,,,,,,,,,v3
f69f6e2f06943c5f719cf27760fa13633cf5ff68aee4435ecf919cc4730e0f7a,train,Female,Health Research,Other,ZA,consumer_queries,"Your flatmate's child complains of blurry vision, seeing ghost images and thinks he has Keratoconus and is going to visit the nearest doctor. Question: ",How often should follow-up appointments be scheduled to monitor the progression of Keratoconus?,How often should follow-up appointments be scheduled to monitor the progression of Keratoconus?,,,,Ophthalmology,,0.0,0.0,0.0,crowdsourced,0.22,,,,,,,,,v3
51a151b4e3feac2f9b161a0c3a7cf80b08bf7144a8db557b61a270a087833eb0,train,Female,,,PH,consumer_queries,"Your female coworker complains of dryness, redness, irritation in the eyes and thinks she has Dry eye syndrome and is going to visit the nearest doctor. Question: ","What type of eye drops or lubricants do you recommend for managing my dry eye syndrome, and how often should I use them?","What type of eye drops or lubricants do you recommend for managing my dry eye syndrome, and how often should I use them?",,,,Ophthalmology,,0.0,0.0,0.0,crowdsourced,0.02,True,,,,,,,,v3
567caed829afbfbad573c8be7baaf3cbd0736c46fc8fc8b8cd9316eb4e035321,train,Female,Pharmacy,Intern,ZA,consumer_queries,Your female classmate complains of loss of peripheral vision and thinks she has Glaucoma and is going to visit the nearest doctor. Question: ,What are the potential lifestyle changes or habits I can adopt to manage and potentially slow down the progression of glaucoma?,What are the potential lifestyle changes or habits I can adopt to manage and potentially slow down the progression of glaucoma?,,,,Ophthalmology,,0.0,0.0,0.0,crowdsourced,0.0,,,,,,,,,v3
4cf3990a21eddde6607f8a7bab6f692186069a9713382c802be364cc2d3cc144,train,Male,Pharmacy,Student,KE,consumer_queries,"Your female neighbor complains of severe pain, redness in the eye, vision loss and thinks she has Endophthalmitis and is going to visit the nearest doctor. Question: ",Can this condition lead to permanent blindness?,Can this condition lead to permanent blindness?,,,,Ophthalmology,,0.0,0.0,0.0,crowdsourced,0.0,,,,,,,,,v3
c88bf3af726cedb84fbe046cc239c8f595a252d0913f2f608f0c864ad5ff5031,train,Male,Non-Health,Consultant,KE,consumer_queries,"Your female coworker complains of dryness, redness, irritation in the eyes and thinks she has Dry eye syndrome and is going to visit the nearest doctor. Question: ",What causes dry eye?,What causes dry eye?,,,,Ophthalmology,,0.0,0.0,0.0,crowdsourced,0.0,,,,,,,,,v3
80874d0b5c7bf37fafbcab2bebbd1d01a1d8c84457130ba82158a95f6be9973c,train,Female,,,ZA,consumer_queries,"Your female neighbor complains of severe pain, redness in the eye, vision loss and thinks she has Endophthalmitis and is going to visit the nearest doctor. Question: ",Can she gains her vision?,Can she gains her vision?,,,,Ophthalmology,,0.0,0.0,0.0,crowdsourced,0.11,False,,,,,,,,v3
ae225855e084692f1c7763130ef398ca01f3161f66b4eee50401ca73f8c6c0ab,train,Female,Nursing,Licensed Professional,KE,consumer_queries,"Your female classmate complains of sudden loss of vision, seeing floaters and thinks she has Vitreous hemorrhage and is going to visit the nearest doctor. Question: ",What preventive measures can I take to maintain good oral health and prevent future dental problems?,What preventive measures can I take to maintain good oral health and prevent future dental problems?,,,,Ophthalmology,,0.0,0.0,0.0,crowdsourced,0.08,True,,,,,,,,v3
08ad2a57f9327597f41881c15b26dc9d9be20522df73e50966e490303afbc8d2,train,Female,Medicine,Licensed Professional,ZA,consumer_queries,"Your female flatmate complains of pain, irritation in the eyes, and discharge and thinks she has Trachoma and is going to visit the nearest doctor. Question: ",Can Trachoma result to loss of vision? Can Trachoma be genetic? How can she prepare herself for the worst that could happen?,Can Trachoma result to loss of vision? Can Trachoma be genetic? How can she prepare herself for the worst that could happen?,,,,Ophthalmology,,0.0,0.0,0.0,crowdsourced,0.16,True,,,,,,,,v3
fd6d1f0e07772073324389b5b574f6835d7bc67337baac48b7c2cd4b56a381d0,train,Male,Medicine,Resident,KE,consumer_queries,"Your female flatmate complains of pain, irritation in the eyes, and discharge and thinks she has Trachoma and is going to visit the nearest doctor. Question: ",What is the risk of developing blindness if I get another subsequent episode of trachoma?,What is the risk of developing blindness if I get another subsequent episode of trachoma?,,,,Ophthalmology,,0.0,0.0,0.0,crowdsourced,0.25,,,,,,,,,v3
e0fac35b65df48c9034d34e6699dd744ef12a8c9ea2fa8414350a81ac8552bb9,train,Female,,,ZA,consumer_queries,Your female roommate complains of difficulty reading or seeing at a distance and thinks she has Refractive Errors and is going to visit the nearest doctor. Question: ,Which treatment will help to gain her vision?,Which treatment will help to gain her vision?,,,,Ophthalmology,,0.0,0.0,0.0,crowdsourced,0.11,True,,,,,,,,v3
35191c9cd952faf9c040ddf9a1376a4727b606bae835375301ee4782415281f6,train,Female,,,ZW,consumer_queries,"Your male neighbor complains of pain, loss of color vision, blurred vision and thinks he has Optic neuritis and is going to visit the nearest doctor. Question: ","If he has optic neuritis, is it generic, can it affect my children ","If he has optic neuritis, is it generic, can it affect my children ",,,,Ophthalmology,,0.0,1.0,0.0,crowdsourced,0.25,,,,,,,,,v3
0f821d4fa3a6164a46969c6d4a745b846e1e4efae52b1d7e07d1e054e2089e16,train,Male,Medicine,Other,KE,consumer_queries,"Your female friend complains of eyelid swelling, redness, itching and thinks she has Blepharitis and is going to visit the nearest doctor. Question: ",Will the swelling and itchiness affect eyesight in the future?,Will the swelling and itchiness affect eyesight in the future?,,,"Swelling and itchiness in the eyes can be symptoms of various conditions, some of which may affect eyesight if not properly treated.",Ophthalmology,,0.0,0.0,0.0,crowdsourced,0.0,,,,,,,,,v3
0d4f6f73b9ae0ebf87ab6be327d37f70f393f7b13deea8b2be6921ba8c0a20cb,train,Female,Health Research,Researcher,ZA,consumer_queries,Your female roommate complains of blurred or no vision in the center of the visual field and thinks she has Age-related Macular Degeneration (AMD) and is going to visit the nearest doctor. Question: ,Are there any lifestyle modifications or dietary changes I can implement to help manage or slow down the progression of Age-related Macular Degeneration (AMD)?,Are there any lifestyle modifications or dietary changes I can implement to help manage or slow down the progression of Age-related Macular Degeneration (AMD)?,,,,Ophthalmology,,0.0,0.0,0.0,crowdsourced,0.09,,,,,,,,,v3
243d0b3426cbb69e05fd93423cd58980813c4f9fcbe83c14be268112d0d1356d,train,Female,Pharmacy,Licensed Professional,AU,consumer_queries,"Your flatmate's child complains of blurry vision, seeing ghost images and thinks he has Keratoconus and is going to visit the nearest doctor. Question: ","What are the treatment options available for managing keratoconus in children, and what are the potential long-term implications or risks associated with each option?","What are the treatment options available for managing keratoconus in children, and what are the potential long-term implications or risks associated with each option?",,,,Ophthalmology,,0.0,1.0,0.0,crowdsourced,0.0,,,,,,,,,v3
160d7d04cca2e38d0d8f683499449a7ef9b8a58bae36c0390b6796baa477755b,train,Female,Non-Health,Other,ZA,consumer_queries,Your male roommate complains of difficulty in reading or seeing at close range and thinks he has Presbyopia and is going to visit the nearest doctor. Question: ,"What specialists or healthcare professionals should I consult for comprehensive management and monitoring of Marfan Syndrome, and how can they work together to provide coordinated care?","What specialists or healthcare professionals should I consult for comprehensive management and monitoring of Marfan Syndrome, and how can they work together to provide coordinated care?",,,,Ophthalmology,,0.0,0.0,0.0,crowdsourced,0.03,False,,,,,,,,v3
36ed3bc309f7a975ca730d363644398dac3c79d0a69422644dbe5b7de77fede0,train,Female,Health Research,Researcher,NG,consumer_queries,"Your male classmate complains of redness, itching, discharge from one or both eyes and thinks he has Conjunctivitis (Pink Eye) and is going to visit the nearest doctor. Question: ",Can I do Anything to Reduce Discomfort?,Can I do Anything to Reduce Discomfort?,,,,Ophthalmology,,0.0,0.0,0.0,crowdsourced,0.0,,,,,,,,,v3
27bca6a0c609f8d1b8d9cf6f60b165a7c23c0cdffdd1ffdf462745460aaf168a,train,Male,Non-Health,Student,NG,consumer_queries,"Your female classmate complains of sudden loss of vision, seeing floaters and thinks she has Vitreous hemorrhage and is going to visit the nearest doctor. Question: ",Is loss vision sign of losing your sight completely ,Is loss vision sign of losing your sight completely ,,,,Ophthalmology,,0.0,0.0,0.0,crowdsourced,0.73,,,,,,,,,v3
8f2c378051aa40b9e971fe0638ab8ccf1b4f41f25d251b06bf6e20e91da36d81,train,Female,Medicine,Student,NG,consumer_queries,Your male roommate complains of difficulty in reading or seeing at close range and thinks he has Presbyopia and is going to visit the nearest doctor. Question: ,"If I'm to use glasses to correct my sight, will I have to wear it for life or it is temporary?","If I'm to use glasses to correct my sight, will I have to wear it for life or it is temporary?",,,,Ophthalmology,,0.0,0.0,0.0,crowdsourced,0.0,,,,,,,,,v3
9f50e376517836f2401333cc7e0feb7396b534e51b2ce714f12bd5743ac56991,train,Male,Health Research,Student,NG,consumer_queries,Your male flatmate complains of growth on the eye that may affect vision and thinks he has Pterygium and is going to visit the nearest doctor. Question: ,What are the possible complications?,What are the possible complications?,,,,Ophthalmology,,0.0,0.0,0.0,crowdsourced,0.25,,,,,,,,,v3
1a6c44e054dc43858a6adb63a5d802d4645287c04ca91b5d57f5b601da7f1b8b,train,Female,Laboratory Sciences,Student,NG,consumer_queries,"Your female coworker complains of dryness, redness, irritation in the eyes and thinks she has Dry eye syndrome and is going to visit the nearest doctor. Question: ",Is this a communicable infection?,Is this a communicable infection?,,,,Ophthalmology,,0.0,0.0,0.0,crowdsourced,0.2,,,,,,,,,v3
908a1838519870a9b030d2cff31ce613afa80a2cdebff35030bbb23064f3f840,train,Female,Other Health Professions,Student,NG,consumer_queries,"Your male coworker complains of vision problems, especially in dim light and thinks he has Sickle cell retinopathy and is going to visit the nearest doctor. Question: ",What are the risk behind sickle cell retinopathy if remain on cured?,What are the risk behind sickle cell retinopathy if remain on cured?,,,,Ophthalmology,,0.0,0.0,0.0,crowdsourced,0.6,False,,,,,,,,v3
3f2831d325ab0ab8eced6f65cf3953010d04136b94b4e895651ef9e34d4843ae,train,Male,Laboratory Sciences,Student,NG,consumer_queries,"Your female friend complains of eyelid swelling, redness, itching and thinks she has Blepharitis and is going to visit the nearest doctor. Question: ",what must have been the cause?,what must have been the cause?,,,,Ophthalmology,,0.0,0.0,0.0,crowdsourced,0.0,,,,,,,,,v3
c6bba25a4e10a53b1cff929f8c324416c00593fa2fa38345d5483712b2311f90,train,Male,Medicine,Student,NG,consumer_queries,"Your flatmate's child complains of blurry vision, seeing ghost images and thinks he has Keratoconus and is going to visit the nearest doctor. Question: ","Doctor Chukwuemeka, is my child getting blind? Will he ever make a full recovery?","Doctor Chukwuemeka, is my child getting blind? Will he ever make a full recovery?",,,,Ophthalmology,,0.0,1.0,0.0,crowdsourced,0.25,,,,,,,,,v3
605f5010805af893bc6a88b6bc40aa647986965c6bb66ada5413a2fc19d5fa55,train,Male,Medicine,Student,NG,consumer_queries,Your male coworker complains of spots or dark strings floating in vision and thinks he has Diabetic retinopathy and is going to visit the nearest doctor. Question: ,Can this my condition lead to total blindness in the future?,Can this my condition lead to total blindness in the future?,,,,Ophthalmology,,0.0,0.0,0.0,crowdsourced,0.33,,,,,,,,,v3
1cbeac027be4ec1d797095b90b693db44d1f178d54109ef7f8a609fd9b869f59,train,Male,Medicine,Student,NG,consumer_queries,"Your female flatmate complains of pain, irritation in the eyes, and discharge and thinks she has Trachoma and is going to visit the nearest doctor. Question: ","Doctor, please can I still use my contact lens, or will it make it worst ?","Doctor, please can I still use my contact lens, or will it make it worst ?",,,,Ophthalmology,,0.0,0.0,0.0,crowdsourced,0.0,,,,,,,,,v3
e01479cdda82b18c6008483ec16a317d13779911eb5f5023850b6c50eda9ff6d,train,Female,Pharmacy,Intern,NG,consumer_queries,Your female roommate complains of difficulty reading or seeing at a distance and thinks she has Refractive Errors and is going to visit the nearest doctor. Question: ,Do I have to wear glasses or lens?,Do I have to wear glasses or lens?,,,,Ophthalmology,,0.0,0.0,0.0,crowdsourced,0.0,,,,,,,,,v3
3f752c48d92ce7a167684e52ba310415b7c93985be832c2c9cf77fa61dfa260f,train,Male,Medicine,Student,NG,consumer_queries,"Your male classmate complains of redness, itching, discharge from one or both eyes and thinks he has Conjunctivitis (Pink Eye) and is going to visit the nearest doctor. Question: ",Are there any specific precautions I should take to prevent spreading conjunctivitis to others?,Are there any specific precautions I should take to prevent spreading conjunctivitis to others?,,,,Ophthalmology,,0.0,0.0,0.0,crowdsourced,0.0,,,,,,,,,v3
a7c8dd606c24015091e74ed83ca3029b8819d4d065c858dda71848b94004990d,train,Female,Nursing,Student,NG,consumer_queries,"Your male classmate complains of severe itching, bumps under the skin, blindness and thinks he has River blindness (Onchocerciasis) and is going to visit the nearest doctor. Question: ",Is there any change my children will inherit this sickness from me?,Is there any change my children will inherit this sickness from me?,,,,Ophthalmology,,0.0,1.0,0.0,crowdsourced,0.43,False,,,,,,,,v3
ff272248d5ca418a4606bb39f6cc33d3d1e70041aac50f2275cbe824dfa1561d,train,Female,Non-Health,Other,NG,consumer_queries,Your female roommate complains of blurred or no vision in the center of the visual field and thinks she has Age-related Macular Degeneration (AMD) and is going to visit the nearest doctor. Question: ,Can a laser surgery be done to permanently treat this condition?,Can a laser surgery be done to permanently treat this condition?,,,,Ophthalmology,,0.0,0.0,0.0,crowdsourced,0.0,,,,,,,,,v3
8c45c2c1979c607d8ea2ca69ba814f180e7cbf11d74f37a6501781f63423ea2d,train,Female,Non-Health,Student,NG,consumer_queries,"Your female coursemate complains of flashes of light, seeing ""floaters"" and thinks she has Retinal detachment and is going to visit the nearest doctor. Question: ","""What are the potential risk factors or underlying conditions that could contribute to retinal detachment, and how can I address or manage them to prevent future occurrences?""","""What are the potential risk factors or underlying conditions that could contribute to retinal detachment, and how can I address or manage them to prevent future occurrences?""",,,,Ophthalmology,,0.0,0.0,0.0,crowdsourced,0.0,,,,,,,,,v3
be652a1cb7452ad92a3c44e8d6298b126157460bd0a8c3d2f50b7767ab54afef,train,Female,,,NG,consumer_queries,"Your male classmate complains of redness, itching, discharge from one or both eyes and thinks he has Conjunctivitis (Pink Eye) and is going to visit the nearest doctor. Question: ",Is there any eye drop that can be used to cure it? ,Is there any eye drop that can be used to cure it? ,,,,Ophthalmology,,0.0,0.0,0.0,crowdsourced,0.11,,,,,,,,,v3
bd82d9040dc9034cf70cc5a8aca4cf99808564609c919988c1a5e5b6b39f3ee6,train,Male,Non-Health,Other,NG,consumer_queries,"Your male classmate complains of redness, itching, discharge from one or both eyes and thinks he has Conjunctivitis (Pink Eye) and is going to visit the nearest doctor. Question: ",What precautions should I take to prevent spreading conjunctivitis to others?,What precautions should I take to prevent spreading conjunctivitis to others?,,,,Ophthalmology,,0.0,0.0,0.0,crowdsourced,0.0,,,,,,,,,v3
3e2a395a8cf9aef753e4c0b859e6b05b9372be8cffbeb1aacaf9fe87f507fa6b,train,Male,,,NG,consumer_queries,"Your male classmate complains of redness, itching, discharge from one or both eyes and thinks he has Conjunctivitis (Pink Eye) and is going to visit the nearest doctor. Question: ","Is true that, this is a communicable disease?","Is true that, this is a communicable disease?",,,,Ophthalmology,,0.0,0.0,0.0,crowdsourced,0.25,,,,,,,,,v3
32d3b95c49c4bc21a1a0abe7b4b3b2bb19cccef95b994c436aa8f1ae7a071ac5,test,Male,Medicine,Intern,GH,mcq,,in a patient with AIDS chorioretinits is typically caused by:,in a patient with AIDS chorioretinits is typically caused by:,"{""option1"": ""cytomegalovirus"", ""option2"": ""toxoplasma gondii"", ""option3"": ""cryptococcus neoformans"", ""option4"": ""Histoplasma capsulatum"", ""option5"": ""none of the above""}",option1,,Ophthalmology,No,0.0,0.0,0.0,expert,0.0,,0.0,,,,,,,v3
75d6cbf234d02f0adc0c9f6db937f99d49c2d3079a7da8933b05b01d51a28046,test,Male,Medicine,Intern,GH,mcq,,Acetazolamide lowers intraocular Pressure by,Acetazolamide lowers intraocular Pressure by,"{""option1"": ""Decreased aqueous production"", ""option2"": ""Increased aqueous drainage"", ""option3"": ""Lowering episcleral venous pressure"", ""option4"": ""all of the above"", ""option5"": ""none of the above""}",option1,,Ophthalmology,No,0.0,0.0,0.0,expert,0.0,,0.0,,,,,,,v3
a0a4a1fb2e66d715fa08c532737fd865e4edef04cc39a1a71628c912e0bf655d,test,Male,Medicine,Intern,GH,mcq,,papilloedema leads to,papilloedema leads to,"{""option1"": ""Rapid dterioration of vision"", ""option2"": ""Amaurosis fugax"", ""option3"": ""Pain on eye movements"", ""option4"": ""early loss of colour vision"", ""option5"": ""all of the above""}",option2,,Ophthalmology,No,0.0,0.0,0.0,expert,0.0,,0.0,,,,,,,v3
2ec6d483f6ad86a869b949e00cef668ff403814c32dc5003bba8677bf90be1b6,test,Male,Medicine,Intern,GH,mcq,,. the commonest cause for night blindess is,. the commonest cause for night blindess is,"{""option1"": ""Congenital"", ""option2"": ""vitamin A deficiency"", ""option3"": ""Nuclear cataract"", ""option4"": ""retinitis pigmentosa"", ""option5"": ""Liver diseases""}",option1,,Ophthalmology,No,0.0,0.0,0.0,expert,0.0,,0.0,,,,,,,v3
c3492337844c62bb38a2b9dd6bbc809069605c3c2c4e1df059092977db27f682,test,Male,Medicine,Intern,GH,mcq,,The leading cause of preventable blindness worldwide:,The leading cause of preventable blindness worldwide:,"{""option1"": ""Senile cataract"", ""option2"": ""age-related macular degeneration"", ""option3"": ""Glaucoma"", ""option4"": ""diabetic retinopathy"", ""option5"": ""Trachoma""}",option5,,Ophthalmology,No,0.0,0.0,0.0,expert,0.0,,0.0,,,,,,,v3
235a75a32db278ba844ae2fb5984224f3d98d4ffe4b85306e2ecf29ea9befa5b,test,Male,Medicine,Intern,GH,mcq,,Acute proptosis may be due to ,Acute proptosis may be due to ,"{""option1"": ""Trauma"", ""option2"": ""Orbital cellulitis"", ""option3"": ""Rhabdomyosarcoma"", ""option4"": ""All of the above"", ""option5"": ""none of the above""}",option4,,Ophthalmology,No,0.0,0.0,0.0,expert,0.0,,0.0,,,,,,,v3
200033587a7b4eba470a7014ea84c5fbe8f60e07766ba93f0d73e7157ad74bb6,test,Male,Medicine,Intern,GH,mcq,,The corneal touch reflex involves the following cranial nerves,The corneal touch reflex involves the following cranial nerves,"{""option1"": ""II and III"", ""option2"": "". II and IV"", ""option3"": ""V and III"", ""option4"": "". V and VI"", ""option5"": ""V and VII""}",option5,,Ophthalmology,No,0.0,0.0,0.0,expert,0.0,,0.0,,,,,,,v3
098eef237320c1d24268178312317bbd037f105b17beffe4d13934be8ee69103,test,Male,Medicine,Intern,GH,mcq,,Bitots spots may be caused by,Bitots spots may be caused by,"{""option1"": ""Vitamin a deficiency"", ""option2"": ""vitamin b deficiency"", ""option3"": ""trachoma"", ""option4"": ""vernal keratoconjunctivitis"", ""option5"": ""Wilson's disease""}",option1,,Ophthalmology,No,0.0,0.0,0.0,expert,0.0,,0.0,,,,,,,v3
cf9ab2ac15d68d9fd3d0625b740926a4b3493dde00e47ded7a3de777998a5dbf,test,Male,Medicine,Intern,GH,mcq,,Which glasses are for simple regular astigmatism we use:,Which glasses are for simple regular astigmatism we use:,"{""option1"": ""sphero-cylindrical lenses"", ""option2"": ""cylindrical lenses"", ""option3"": ""convex lenses"", ""option4"": ""concave lenses"", ""option5"": ""biconcave lenses""}",option1,,Ophthalmology,No,0.0,0.0,0.0,expert,0.0,,0.0,,,,,,,v3
c21a5ef42dbfaef0fe765f55d8dee01296be86531bfc19e7fe4b6b90fa72f0f7,test,Male,Medicine,Intern,GH,mcq,,All of the following drugs can cause cataract except:,All of the following drugs can cause cataract except:,"{""option1"": ""chlorpormazine"", ""option2"": ""steroids"", ""option3"": ""amiodarone"", ""option4"": ""Erythromycin"", ""option5"": ""none of the above""}",option1,,Ophthalmology,No,0.0,0.0,0.0,expert,0.0,,0.0,,,,,,,v3
96d5158080662dee46ba485999b80b920cede17a942b270effa5f6ebe9826de4,test,Male,Medicine,Intern,GH,mcq,,All of the following are types of myopia except,All of the following are types of myopia except,"{""option1"": ""simple myopia"", ""option2"": ""facultative myopia"", ""option3"": ""congenital myopia"", ""option4"": ""Progressive myopia"", ""option5"": ""none of the above""}",option2,,Ophthalmology,No,0.0,0.0,0.0,expert,0.0,,0.0,,,,,,,v3
cdd8d7763db92c4369fb7fedcbd35bc42439a6111b75fc5b753b717e7c45f333,test,Male,Medicine,Intern,GH,mcq,,In hypermetropia parallel rays come to a focus ;,In hypermetropia parallel rays come to a focus ;,"{""option1"": ""on the rtina"", ""option2"": ""behind the retina"", ""option3"": ""infront of the retina"", ""option4"": ""none of the above"", ""option5"": ""all of the above""}",option2,,Ophthalmology,No,0.0,0.0,0.0,expert,0.0,,0.0,,,,,,,v3
a81bd3735e76474f451cf4978b1b68a26de25c214ca8c88c82f0f774392ea75a,test,Male,Medicine,Intern,GH,mcq,,In myopia parallel rays come to a focus,In myopia parallel rays come to a focus,"{""option1"": ""on the retina"", ""option2"": ""behind the retina"", ""option3"": ""Infront of the retina"", ""option4"": ""none of the above"", ""option5"": ""all of the above""}",option3,,Ophthalmology,No,0.0,0.0,0.0,expert,0.0,,0.0,,,,,,,v3
1c78a86c836225bb2931afaca1a19b38f81cd8e2ee71cc2475f0e113a07e8bdc,test,Male,Medicine,Intern,GH,mcq,,. solar viewing during an eclipse can cause:,. solar viewing during an eclipse can cause:,"{""option1"": ""coneal ulcer"", ""option2"": ""orbital cellulitis"", ""option3"": ""Retinal detachment"", ""option4"": ""retinal tear"", ""option5"": ""Macular burn""}",option5,,Ophthalmology,No,0.0,0.0,0.0,expert,0.0,,0.0,,,,,,,v3
aac5b93a3ffa97692f15750e4ec687970e0acd97d71cad9648addbda3194010d,test,Male,Medicine,Intern,GH,mcq,,The first line management in acid burn of the eye is ,The first line management in acid burn of the eye is ,"{""option1"": ""Eye patching"", ""option2"": ""Immediate wash with plain water"", ""option3"": ""Sterile eye bandage"", ""option4"": ""neutralization of the acid with alkali"", ""option5"": ""Instilling local antibioitc drops""}",option2,,Ophthalmology,No,0.0,0.0,0.0,expert,0.0,,0.0,,,,,,,v3
1cff24ce4e6515ffbb85979ccb873b02ce7618866fca284d91d75b1e69fe3ca5,test,Male,Medicine,Intern,GH,mcq,,. the commonest cause of bilateral ptosis is ,. the commonest cause of bilateral ptosis is ,"{""option1"": ""Horner syndrome"", ""option2"": ""third nerve palsy"", ""option3"": ""congenital"", ""option4"": ""mechanical"", ""option5"": ""none of the above""}",option3,,Ophthalmology,No,0.0,0.0,0.0,expert,0.0,,0.0,,,,,,,v3
2c58513ff064b857fa2f6746a627c3b8f9ccf5e52c0db733802c487fd9a8081c,test,Male,Medicine,Intern,GH,mcq,,Lagophthalmos can be caused by the following except,Lagophthalmos can be caused by the following except,"{""option1"": ""Hyperthryoidism"", ""option2"": ""facial palsy"", ""option3"": ""Severe entropion"", ""option4"": ""Lid coloboma"", ""option5"": ""myasthenia gravis""}",option3,,Ophthalmology,No,0.0,0.0,0.0,expert,0.0,,0.0,,,,,,,v3
1947a55914cb1145d209de4ef52d24b7f21e6a413cdcff0ac8c2d642e6e2b564,test,Male,Medicine,Intern,GH,mcq,,congenital ptosis is associated with the following congenital anomalies except:,congenital ptosis is associated with the following congenital anomalies except:,"{""option1"": ""Blepharophimosis"", ""option2"": ""telecantus"", ""option3"": ""Epicanthus"", ""option4"": ""Myasthenia gravis"", ""option5"": ""Naso-lacrimal duct obstruction.""}",option5,,Ophthalmology,No,0.0,0.0,0.0,expert,0.0,,0.0,,,,,,,v3
8632c571a4ad4db547f794e027d5b95af1c32bd5954e7fb8e25b5e4fa3b7ac6b,test,Male,Medicine,Intern,GH,mcq,,". A case presented with hypermemic lid margin, matting of eye lahes , yellow crustations. Which of the following is not a treatment option?",". A case presented with hypermemic lid margin, matting of eye lahes , yellow crustations. Which of the following is not a treatment option?","{""option1"": ""Local eyelid hygiene"", ""option2"": ""systmic antibitoics"", ""option3"": ""Electrolysis"", ""option4"": ""topical antibiotic ointment on eyelid."", ""option5"": ""none of the above""}",option3,,Ophthalmology,No,0.0,0.0,0.0,expert,0.0,,0.0,,,,,,,v3
e59cd17ed0bf551150055ad82d6b7365b718cdb410489342a19319865693a286,test,Male,Medicine,Intern,GH,mcq,,A male patient complains of chrnoic eyelid rednes and frequent loss of lashes . The most probable diagnosis is ,A male patient complains of chrnoic eyelid rednes and frequent loss of lashes . The most probable diagnosis is ,"{""option1"": ""cicatrical ectropion"", ""option2"": ""stye"", ""option3"": ""Squamous blepharitis"", ""option4"": "". Ulcerative blepharitis"", ""option5"": ""Active trachoma""}",option4,,Ophthalmology,No,0.0,0.0,1.0,expert,0.0,,0.0,,,,,,,v3
1b350d78d253410edfcd35cee66f62e1c810d1474c138cbc7a011d4e9fe77719,test,Male,Medicine,Intern,GH,mcq,,Chalazion is defined as:,Chalazion is defined as:,"{""option1"": ""Acute suppurative inflammation of meibomian glands"", ""option2"": ""chronic suppurative inflammation of meibomian glands"", ""option3"": ""chronic inflammatory lipogranuloma of meibomian glands"", ""option4"": ""Chronic non-granulomatous inflammation of meibomian glands"", ""option5"": ""none of the above""}",option3,,Ophthalmology,No,0.0,0.0,0.0,expert,0.0,,0.0,,,,,,,v3
2ddb986244fb740d4fd001a200efcd11c63b95bb3eb49f38e416db97096bd83f,test,Male,Medicine,Intern,GH,mcq,,Stye is an accute suppurative inflammation of:,Stye is an accute suppurative inflammation of:,"{""option1"": ""Meibomian glands"", ""option2"": ""accesory lacrimal glands"", ""option3"": ""Zeiss glands of the lash follicles"", ""option4"": ""Lid margin"", ""option5"": ""the conjunctiva""}",option3,,Ophthalmology,No,0.0,0.0,0.0,expert,0.0,,0.0,,,,,,,v3
039d43305c7f5d3fffaa418bfc8ba1b225df71cda1fd14924a9a50ef5c9fca46,test,Male,Medicine,Intern,GH,mcq,,Arollig in of the lower eyelid margin can be due to,Arollig in of the lower eyelid margin can be due to,"{""option1"": ""thermal injury of eyelid skin"", ""option2"": ""Facial Palsy"", ""option3"": ""Trachoma"", ""option4"": ""Ophthalmoplegia"", ""option5"": ""Third nerve palsy""}",option3,,Ophthalmology,No,0.0,0.0,0.0,expert,0.0,,0.0,,,,,,,v3
21bfd5bd127401b46ad2714be681bc2932c75a2b697a4b8250451e9d6bcf9cf5,test,Male,Medicine,Intern,GH,mcq,,Which of the following is specific for the diagnosis of allergic conjunctivitis?,Which of the following is specific for the diagnosis of allergic conjunctivitis?,"{""option1"": ""eye redness"", ""option2"": ""itching"", ""option3"": ""foreign body"", ""option4"": ""excessive lacrimation"", ""option5"": ""all of the above""}",option2,,Ophthalmology,No,0.0,0.0,0.0,expert,0.0,,0.0,,,,,,,v3
65f9252aba1306ca8e361c9e040dd9001813d3a107413465c76000a072268fd4,test,Male,Medicine,Intern,GH,mcq,,These may cause pterygium except:,These may cause pterygium except:,"{""option1"": ""Viral infection"", ""option2"": ""pinguccula"", ""option3"": ""living in tropical area"", ""option4"": ""expoure to ultraviolet rays"", ""option5"": ""none of the above""}",option1,,Ophthalmology,No,0.0,0.0,0.0,expert,0.0,,0.0,,,,,,,v3
4085103cf3c24e1759d42189bbb892541224cc9b1017a65a53b86cc5b28509f9,test,Male,Medicine,Intern,GH,mcq,,Most common organism in purulent conjuntivits is:,Most common organism in purulent conjuntivits is:,"{""option1"": ""pneumococci"", ""option2"": ""strepococci"", ""option3"": ""gonococci"", ""option4"": ""Herpes simplex virus"", ""option5"": ""rotavirus""}",option3,,Ophthalmology,No,0.0,0.0,0.0,expert,0.0,,0.0,,,,,,,v3
7f2e059c55a7253c2b6530d47c5196f58fd888653551ec24a25966439b871dd2,test,Male,Medicine,Intern,GH,mcq,,Topical steroids are contraindicated in a case of viral corneal ulcer for fear of,Topical steroids are contraindicated in a case of viral corneal ulcer for fear of,"{""option1"": ""secondary glaucoma"", ""option2"": ""cortical ctaract"", ""option3"": ""corneal perfooration"", ""option4"": ""secondary viral infection"", ""option5"": ""all of the above""}",option3,,Ophthalmology,No,0.0,0.0,0.0,expert,0.0,,0.0,,,,,,,v3
4879bb3c3c7c7c604cd614b3547c0d9c42ac1ab8c19e4b6325caea6ef7d946fc,test,Male,Medicine,Intern,GH,mcq,,Patching of the eye is contraindicated in,Patching of the eye is contraindicated in,"{""option1"": ""corneal abraion"", ""option2"": ""bacteria corneal ulcer"", ""option3"": ""mucopurulent conjunctivitis"", ""option4"": ""after glaucoma surgery"", ""option5"": ""correction of  strabismus""}",option3,,Ophthalmology,No,0.0,0.0,0.0,expert,0.0,,0.0,,,,,,,v3
fe90853de0524b9e5f97c5a173177d6cc6eb145dc011ac86933e5473969ebdda,test,Male,Medicine,Intern,GH,mcq,,The colour of fluorescein staining in corneal ulcer is,The colour of fluorescein staining in corneal ulcer is,"{""option1"": ""red"", ""option2"": "". green"", ""option3"": ""yellow"", ""option4"": ""blue"", ""option5"": ""royal blue""}",option2,,Ophthalmology,No,0.0,0.0,0.0,expert,0.0,,0.0,,,,,,,v3
fa27bb942ca64128861bff73391022505ddaba70915bd9253e985b42cb32e0ad,test,Male,Medicine,Intern,GH,mcq,,One of the following does not cause leukocoira,One of the following does not cause leukocoira,"{""option1"": ""retinitis pigmentosa"", ""option2"": ""cataract"", ""option3"": ""retinoblastoma"", ""option4"": ""old total retinal detachment"", ""option5"": ""none of the above""}",option1,,Ophthalmology,No,0.0,0.0,0.0,expert,0.0,,0.0,,,,,,,v3
cb76cd2f83a817f22825813882d410bea2d24cbb894689c0907cddc393328561,test,Male,Medicine,Intern,GH,mcq,,"The following are used in the treatment of open-angle glaucoma, except

","The following are used in the treatment of open-angle glaucoma, except

","{""option1"": ""steroid"", ""option2"": ""parasympathomimetics"", ""option3"": ""beta blockers"", ""option4"": ""alpha agonists"", ""option5"": ""none of the above""}",option1,,Ophthalmology,No,0.0,0.0,0.0,expert,0.0,,0.0,,,,,,,v3
79f5fa791ec23738ac1d8a8b5e95cab2547093e1c710df703b73bdc2b7770dfe,test,Male,Medicine,Intern,GH,mcq,,The longest-acting cycloplegic is,The longest-acting cycloplegic is,"{""option1"": ""Cyclopentholate"", ""option2"": ""Atropine"", ""option3"": ""Tropicamide"", ""option4"": ""Scopolamide"", ""option5"": ""homatropine""}",option2,,Ophthalmology,No,0.0,0.0,0.0,expert,0.0,,0.0,,,,,,,v3
b52238ea74d7b11c65fdb90a75736c10b303431805aa17d5426e52c9d1d984c9,test,Male,Medicine,Intern,GH,mcq,,Voissus ring,Voissus ring,"{""option1"": ""a circular brownish pigment following blunt injury to eye"", ""option2"": ""is found on the retina"", ""option3"": ""is found on the cornea"", ""option4"": ""is found in the anterior chamber"", ""option5"": ""Does not contain melanin pigment""}",option1,,Ophthalmology,No,0.0,0.0,0.0,expert,0.0,,0.0,,,,,,,v3
0f5c2823e7709bda8dc85aa86dae0afd98add81b2b2b0f0747ad3ac794e339a3,test,Male,Medicine,Intern,GH,mcq,,The uveal tract contains,The uveal tract contains,"{""option1"": ""Cornea"", ""option2"": ""Sclera"", ""option3"": ""Choroid"", ""option4"": ""Anterior Chamber."", ""option5"": ""NONE OF THE ABOVE""}",option3,,Ophthalmology,No,0.0,0.0,0.0,expert,0.0,,0.0,,,,,,,v3
8b7a03f28cc1584b919093673dea63cd15d7107301f65d31b95da8794a5fea86,test,Male,Medicine,Intern,GH,mcq,,Intermediate uveitis affects the ,Intermediate uveitis affects the ,"{""option1"": ""sclera"", ""option2"": ""cornea"", ""option3"": ""vitreous"", ""option4"": ""retina"", ""option5"": ""iris""}",option4,,Ophthalmology,No,0.0,0.0,0.0,expert,0.0,,0.0,,,,,,,v3
a781591bedba83f26e2eebf2134904d053b90d569619a291e45d6e0fbb418173,test,Male,Medicine,Licensed Professional,MW,mcq,,"The earliest feature of anterior uveitis includes:   
","The earliest feature of anterior uveitis includes:  
","{""option1"": ""Keratic precipitates"", ""option2"": ""Hypopyon"", ""option3"": ""Posterior synechiae"", ""option4"": ""Aqueous flare"", ""option5"": ""n/a""}",option4,,Ophthalmology,No,0.0,0.0,0.0,expert,1.0,,0.0,,,,,,,v3
b537909a52b1e334007956a64e20cf8a33e228057b955872fe8455c37c95362a,test,Male,Medicine,Licensed Professional,MW,mcq,,"Aqueous humour is formed by: 
 
","Aqueous humour is formed by: 
 
","{""option1"": ""Epithelium of ciliary body"", ""option2"": ""Posterior surface of iris"", ""option3"": ""Lens"", ""option4"": ""Pars plana"", ""option5"": ""n/a""}",option1,,Ophthalmology,No,0.0,0.0,0.0,expert,1.0,,0.0,,,,,,,v3
079e0a101af64630fa197a8cfeb94e85f8be95bd9f8d61bfbfcb537b15b45005,test,Male,Medicine,Licensed Professional,MW,mcq,,"Koeppe’s nodules are found in: 
 
 
 
 
","Koeppe’s nodules are found in: 
 
 
 
 
","{""option1"": ""Cornea"", ""option2"": ""Sclera"", ""option3"": ""Iris"", ""option4"": ""Conjunctiva"", ""option5"": ""n/a""}",option3,,Ophthalmology,No,0.0,0.0,0.0,expert,1.0,,0.0,,,,,,,v3
3ab6ef50a9986d6b27a3f02fb42689c77b36436d3d15ee43ca48a77a51e353d1,test,Male,Medicine,Licensed Professional,MW,mcq,,"In anterior uveitis the pupil is generally: 
 
","In anterior uveitis the pupil is generally: 
 
","{""option1"": ""Of normal size"", ""option2"": ""Constricted"", ""option3"": ""Dilated"", ""option4"": ""n/a"", ""option5"": ""n/a""}",option2,,Ophthalmology,No,0.0,0.0,0.0,expert,1.0,,0.0,,,,,,,v3
81f600cad7a52e1782d6221f491e358680deb43ff28cfd1a755eb056effe2d84,test,Male,Medicine,Licensed Professional,MW,mcq,,"One of the earliest features of anterior uveitis includes:  
","One of the earliest features of anterior uveitis includes: 
","{""option1"": ""Keratic precipitates"", ""option2"": ""Hypopyon"", ""option3"": ""Posterior synechiae"", ""option4"": ""Aqueous flare"", ""option5"": ""n/a""}",option4,,Ophthalmology,No,0.0,0.0,0.0,expert,1.0,,0.0,,,,,,,v3
444b73ad29ea0986f0342788cdebde98cca1152bb64afb2196756f04c8738355,test,Male,Medicine,Licensed Professional,MW,mcq,,"All of the following are part of uvea except:  
","All of the following are part of uvea except: 
","{""option1"": ""Pars plicata"", ""option2"": ""Pars plana"", ""option3"": ""Choroid"", ""option4"": ""Schwalbe\u2019s line"", ""option5"": ""n/a""}",option4,,Ophthalmology,No,0.0,0.0,0.0,expert,1.0,,0.0,,,,,,,v3
016547ece6306a1c307371b6600aab38742c4bc342ff99da40cec8cef11f71cc,test,Male,Medicine,Licensed Professional,MW,mcq,,"Proptosis is present in the following condition except:  
","Proptosis is present in the following condition except: 
","{""option1"": ""Horner's syndrome"", ""option2"": ""Orbital cellulitis"", ""option3"": ""Thyroid ophthalmopathy"", ""option4"": ""Cavernous sinus thrombosis"", ""option5"": ""n/a""}",option1,,Ophthalmology,No,0.0,0.0,0.0,expert,1.0,,0.0,,,,,,,v3
71259b0f2d0fb6002c0951bdcf1070c638f004df10c4be152a099ce978ea5868,test,Male,Medicine,Licensed Professional,MW,mcq,,"The commonest cause of unilateral exophthalmos is:  
","The commonest cause of unilateral exophthalmos is: 
","{""option1"": ""Thyroid eye disease"", ""option2"": ""Lacrimal gland tumour"", ""option3"": ""Orbital cellulitis"", ""option4"": ""Cavernous sinus thrombosis"", ""option5"": ""n/a""}",option1,,Ophthalmology,No,0.0,0.0,0.0,expert,1.0,,0.0,,,,,,,v3
d585fe0c9d773e1b895f63257092f80e94dd52f24b5b7406e7a565a07d11e45f,test,Male,Medicine,Licensed Professional,MW,mcq,,"The most important symptom differentiating orbital cellulitis from panophthalmitis is: 
 

 
 
","The most important symptom differentiating orbital cellulitis from panophthalmitis is: 
 

 
 
","{""option1"": ""Vision"", ""option2"": ""Pain"", ""option3"": ""Redness"", ""option4"": ""Swelling"", ""option5"": ""n/a""}",option1,,Ophthalmology,No,0.0,0.0,0.0,expert,1.0,,0.0,,,,,,,v3
d2b689e8441813d14ae619ba1f4c5f989dc49fd0a7713159944220e1049dc635,test,Male,Medicine,Licensed Professional,MW,mcq,,"Lagophthalmos can occur in all of the following except; 
 
","Lagophthalmos can occur in all of the following except; 
 
","{""option1"": ""7th cranial nerve paralysis"", ""option2"": ""5th cranial nerve paralysis"", ""option3"": ""Thyrotoxic exophthalmos"", ""option4"": ""Symblepharon"", ""option5"": ""n/a""}",option2,,Ophthalmology,No,0.0,0.0,0.0,expert,1.0,,0.0,,,,,,,v3
ada382d544588d7bde46148783253db487349260be7db97c80eae7577374aa0f,test,Male,Medicine,Licensed Professional,MW,mcq,,"Evisceration is: 
","Evisceration is: 
","{""option1"": ""Excision of the entire eyeball"", ""option2"": ""Excision of all the inner contents of the eyeball including the uveal tissue"", ""option3"": ""Photocoagulation of the retina"", ""option4"": ""Removal of orbit contents"", ""option5"": ""n/a""}",option2,,Ophthalmology,No,0.0,0.0,0.0,expert,1.0,,0.0,,,,,,,v3
ff9018a0a216d5a713081c882a014f9c8145c38bbeea95b52fc32264e648e54a,test,Male,Medicine,Licensed Professional,MW,mcq,,"Most common cause of adult unilateral proptosis 
 
","Most common cause of adult unilateral proptosis 
 
","{""option1"": ""Thyroid orbitopathy"", ""option2"": ""Metastasis"", ""option3"": ""Lymphoma"", ""option4"": ""Meningioma"", ""option5"": ""n/a""}",option1,,Ophthalmology,No,0.0,0.0,0.0,expert,1.0,,0.0,,,,,,,v3
160216104624fca7258cd00dd35e5dd7a8d555c336a8df8ba46065dcfe7dc97d,test,Male,Medicine,Licensed Professional,MW,mcq,,"3 months old infant with watering lacrimal sac on pressing causes regurgitation of mucopus material. What is the appropriate treatment? 
 
","3 months old infant with watering lacrimal sac on pressing causes regurgitation of mucopus material. What is the appropriate treatment? 
 
","{""option1"": ""Dacryocystorhinostomy"", ""option2"": ""Probing"", ""option3"": ""Probing with syringing"", ""option4"": ""Massage with antibiotics up to age of 6 months"", ""option5"": ""Dacryocystectomy""}",option4,,Ophthalmology,No,0.0,0.0,0.0,expert,1.0,,0.0,,,,,,,v3
6e38d1b334a0a8027ab74e10fec0864f3039d8ab546107bebc87c5c8235900fb,test,Male,Medicine,Licensed Professional,MW,mcq,,"Schirmer’s test is used for diagnosing: 
","Schirmer’s test is used for diagnosing: 
","{""option1"": ""Dry eye"", ""option2"": ""Infective keratitis"", ""option3"": ""Watering eyes"", ""option4"": ""Horner\u2019s syndrome"", ""option5"": ""n/a""}",option1,,Ophthalmology,No,0.0,0.0,0.0,expert,1.0,,0.0,,,,,,,v3
f94bb8dcbb1a45de88a0472dfcc12757208b372c13199afa9e5f175fac8cf365,test,Male,Medicine,Licensed Professional,MW,mcq,,"In DCR, the opening is made at: 
","In DCR, the opening is made at: 
","{""option1"": ""Superior meatus"", ""option2"": ""Middle meatus"", ""option3"": ""Inferior meatus"", ""option4"": ""n/a"", ""option5"": ""n/a""}",option2,,Ophthalmology,No,0.0,0.0,0.0,expert,1.0,,0.0,,,,,,,v3
a9f00bf56cf65deed9bcba923a0b99e9627d9c4a757e30b07b14e486c15ad689,test,Male,Medicine,Licensed Professional,MW,mcq,,"Commonest cause of posterior staphyloma is: 
 
 
","Commonest cause of posterior staphyloma is: 
 
 
","{""option1"": ""Glaucoma"", ""option2"": ""Retinal detachment"", ""option3"": ""Iridocyclitis"", ""option4"": ""High myopia"", ""option5"": ""n/a""}",option4,,Ophthalmology,No,0.0,0.0,0.0,expert,1.0,,0.0,,,,,,,v3
cbb0885fda00d5387455d4acff91e120be6dfcb47533acabe1f8e71a9d72b145,test,Male,Medicine,Licensed Professional,MW,mcq,,"Ptosis and mydriasis are seen in: 
","Ptosis and mydriasis are seen in: 
","{""option1"": ""Facial palsy"", ""option2"": ""Peripheral neuritis"", ""option3"": ""Oculomotor palsy"", ""option4"": ""Sympathetic palsy"", ""option5"": ""n/a""}",option3,,Ophthalmology,No,0.0,0.0,0.0,expert,1.0,,0.0,,,,,,,v3
0af2020c568c61e3e6b07537eb3a45cf6cd64296ca4dbb5e46ac0a7ca80a08f8,test,Male,Medicine,Licensed Professional,MW,mcq,,"A 30 years old male presents with a history of injury to the eye with a leaf 5 days ago and pain, photophobia and redness of the eye for 2 days. What would be the most likely pathology? 
","A 30 years old male presents with a history of injury to the eye with a leaf 5 days ago and pain, photophobia and redness of the eye for 2 days. What would be the most likely pathology? 
","{""option1"": ""Anterior uveitis"", ""option2"": ""Conjunctivitis"", ""option3"": ""Fungal corneal ulcer"", ""option4"": ""Corneal laceration"", ""option5"": ""n/a""}",option3,,Ophthalmology,No,0.0,1.0,1.0,expert,1.0,,0.0,,,,,,,v3
6bea8035f26d511631c38e9a314d717deffa1f5b664edbc9181ea47a63d262fc,test,Male,Medicine,Licensed Professional,MW,mcq,,"Most of the thickness of cornea is formed by: 
 
","Most of the thickness of cornea is formed by: 
 
","{""option1"": ""Epithelial layer"", ""option2"": ""Substantia propria"", ""option3"": ""Descemet's membrane"", ""option4"": ""Endothelium"", ""option5"": ""n/a""}",option2,,Ophthalmology,No,0.0,0.0,0.0,expert,1.0,,0.0,,,,,,,v3
977d276e32a3b1781bf0a8b258759474d603b4a3f96450a50db69341e98a9d5a,test,Male,Medicine,Licensed Professional,MW,mcq,,"Ciliary injection is not seen in: 
","Ciliary injection is not seen in: 
","{""option1"": ""Herpetic keratitis"", ""option2"": ""Bacterial ulcer"", ""option3"": ""Chronic iridocyclitis"", ""option4"": ""Catarrhal conjunctivitis"", ""option5"": ""n/a""}",option4,,Ophthalmology,No,0.0,0.0,0.0,expert,1.0,,0.0,,,,,,,v3
a56e267b6911480c26700f6d654ae46f039072e664859098082f554baf2c02e7,test,Male,Medicine,Licensed Professional,MW,mcq,,"Cornea is supplied by nerve fibers derived from: 
","Cornea is supplied by nerve fibers derived from: 
","{""option1"": ""Trochlear nerve"", ""option2"": ""Optic nerve"", ""option3"": ""Trigeminal nerve"", ""option4"": ""Oculomotor nerve"", ""option5"": ""n/a""}",option3,,Ophthalmology,No,0.0,0.0,0.0,expert,1.0,,0.0,,,,,,,v3
ea47f9ffa76b2f0af103337fd63b791f20f4c90d781b1879300dc74ddb5da24d,test,Male,Medicine,Licensed Professional,MW,mcq,,"Intercalary staphyloma is a type of: 
","Intercalary staphyloma is a type of: 
","{""option1"": ""Equatorial staphyloma"", ""option2"": ""Posterior staphyloma"", ""option3"": ""Scleral staphyloma"", ""option4"": ""Anterior staphyloma"", ""option5"": ""n/a""}",option3,,Ophthalmology,No,0.0,0.0,0.0,expert,1.0,,0.0,,,,,,,v3
87fe41461ce8ff30d9d846775e8eae67d9a50d1559f07d3c7e5d2b3ba97cd64c,test,Male,Medicine,Licensed Professional,MW,mcq,,Fleischer ring is found in: ,Fleischer ring is found in: ,"{""option1"": ""Keratoconus"", ""option2"": ""Chalcosis"", ""option3"": ""Argyrosis"", ""option4"": ""Buphthalmos"", ""option5"": ""None of the above""}",option1,,Ophthalmology,No,0.0,0.0,0.0,expert,1.0,,0.0,,,,,,,v3
ddbccdc3aa4a6cc39fb95af0bde064ba8ec8390e81b98c28c18c7227a882da8a,test,Male,Medicine,Licensed Professional,MW,mcq,,"Irrespective of the etiology of a corneal ulcer, the drug always indicated is: ","Irrespective of the etiology of a corneal ulcer, the drug always indicated is: ","{""option1"": ""Corticosteroid"", ""option2"": ""Atropine"", ""option3"": ""Antibiotics"", ""option4"": ""Antifungal"", ""option5"": ""n/a""}",option2,,Ophthalmology,No,0.0,0.0,0.0,expert,1.0,,0.0,,,,,,,v3
e5a1a7c56a19b5acffdac3856940a00a9cb6da67f5b88e76e5080795f1f0d3ce,test,Male,Medicine,Licensed Professional,MW,mcq,,"The commonest cause of hypopyon corneal ulcer is: 
","The commonest cause of hypopyon corneal ulcer is: 
","{""option1"": ""Moraxella"", ""option2"": ""Gonococcus"", ""option3"": ""Pneumococcus"", ""option4"": ""Staphylococcus"", ""option5"": ""n/a""}",option3,,Ophthalmology,No,0.0,0.0,0.0,expert,1.0,,0.0,,,,,,,v3
c087b244c673bf6c6e6e03129620419c313ccee503696ac07d2739f64f9866dc,test,Male,Medicine,Licensed Professional,MW,mcq,,"Severe congenital ptosis with no levator function can be treated by: 
","Severe congenital ptosis with no levator function can be treated by: 
","{""option1"": ""Levator resection from skin side"", ""option2"": ""Levator resection from conjunctival side"", ""option3"": ""Fascia lata sling operation"", ""option4"": ""Fasanella servat operation"", ""option5"": ""n/a""}",option3,,Ophthalmology,No,0.0,0.0,0.0,expert,1.0,,0.0,,,,,,,v3
376944d2d51460e1426315d61bc5de8c9ce9776252b6219b0fba482a0ed967ce,test,Male,Medicine,Licensed Professional,MW,mcq,,"Ptosis in Horner's syndrome, is due to paralysis of: 
","Ptosis in Horner's syndrome, is due to paralysis of: 
","{""option1"": ""Riolan's muscle"", ""option2"": ""Horner's muscle"", ""option3"": ""Muller's muscle"", ""option4"": ""The levator palpebral muscle"", ""option5"": ""Orbicularis oculi muscle""}",option3,,Ophthalmology,No,0.0,0.0,0.0,expert,1.0,,0.0,,,,,,,v3
a822ec6b3b4b848f6152ced61bed183301bb0828d75ca64d7d5f0a291d5c679b,test,Male,Medicine,Licensed Professional,MW,mcq,,"In vernal catarrh, the characteristic cells are: ","In vernal catarrh, the characteristic cells are: ","{""option1"": ""Macrophage"", ""option2"": ""Eosinophils"", ""option3"": ""Neutrophils"", ""option4"": ""Epitheloid cells"", ""option5"": ""n/a""}",option2,,Ophthalmology,No,0.0,0.0,0.0,expert,1.0,,0.0,,,,,,,v3
cbf28c77fbec55e1f87ae9a7e6ce47f354097fd81735c053f678367bd8dfc60d,test,Male,Medicine,Licensed Professional,MW,mcq,,"Blood vessels in a trachomatous pannus lie: 
","Blood vessels in a trachomatous pannus lie: 
","{""option1"": ""Beneath the Descemet's membrane."", ""option2"": ""In the substantia propria."", ""option3"": ""Between Bowman's membrane & substantia propria."", ""option4"": ""Between Bowman's membrane & Epithelium"", ""option5"": ""n/a""}",option4,,Ophthalmology,No,0.0,0.0,0.0,expert,1.0,,0.0,,,,,,,v3
bcd0ef8130d7f0e700fd924452c59f8605643cb362ac91ba165c28d74f9e2f65,test,Male,Medicine,Licensed Professional,MW,mcq,,Deep leucoma is best treated by: ,Deep leucoma is best treated by: ,"{""option1"": ""Tattooing"", ""option2"": ""Lamellar keratoplasty"", ""option3"": ""Keratectomy"", ""option4"": ""Penetrating keratoplasty"", ""option5"": ""n/a""}",option4,,Ophthalmology,No,0.0,0.0,0.0,expert,1.0,,0.0,,,,,,,v3
348db1db6f0017418f180e249dc07bba7f2b5687a7fad775ad4a32cdd5e3f104,test,Male,Medicine,Licensed Professional,MW,mcq,,Chalazion is a chronic inflammatory granuloma of ,Chalazion is a chronic inflammatory granuloma of ,"{""option1"": ""Meibomian gland"", ""option2"": ""Zies\u2019s gland"", ""option3"": ""Sweat gland"", ""option4"": ""Wolfring\u2019s gland"", ""option5"": ""n/a""}",option1,,Ophthalmology,No,0.0,0.0,0.0,expert,1.0,,0.0,,,,,,,v3
270a239e30403227db36312e4b6a55f36b0af7dfcf2e1e920b2b934b4e39a43c,test,Male,Medicine,Licensed Professional,MW,mcq,,Organisms causing angular conjunctivitis are: ,Organisms causing angular conjunctivitis are: ,"{""option1"": ""Moraxella Axenfeld bacilli"", ""option2"": ""Pneumococci"", ""option3"": ""Gonococci"", ""option4"": ""Adenovirus"", ""option5"": ""n/a""}",option1,,Ophthalmology,No,0.0,0.0,0.0,expert,1.0,,0.0,,,,,,,v3
5710b371fe943701d5d3b87b0227ae0ee972d491f7d08002eae481d6fb179846,test,Male,Medicine,Licensed Professional,MW,mcq,,Advanced keratoconus is least to be corrected when treated by: ,Advanced keratoconus is least to be corrected when treated by: ,"{""option1"": ""Hard contact Lens,"", ""option2"": ""Rigid gas permeable (RGP) contact lens"", ""option3"": ""Spectacles."", ""option4"": ""Keratoplasty."", ""option5"": ""n/a""}",option3,,Ophthalmology,No,0.0,0.0,0.0,expert,1.0,,0.0,,,,,,,v3
47ca19ea64ae5971d1f87c618f18e06acc1d342b139c7bfb52bd744967691d4f,test,Male,Medicine,Licensed Professional,MW,mcq,,"Bacteria, which can attack normal corneal epithelium: 
","Bacteria, which can attack normal corneal epithelium: 
","{""option1"": ""Neisseria gonorrhea."", ""option2"": ""Staphylococcal epidermidis"", ""option3"": ""Moraxella lacunata."", ""option4"": ""Staphylococcal aureus"", ""option5"": ""n/a""}",option1,,Ophthalmology,No,0.0,0.0,0.0,expert,1.0,,0.0,,,,,,,v3
e1832dec8806b8008b2a89210c2fd636c542e2e9f609a7e823790f4f7603dffb,test,Male,Medicine,Licensed Professional,MW,mcq,,"Herpes simplex keratitis is characterized by: 
","Herpes simplex keratitis is characterized by: 
","{""option1"": ""Presence of pus in the anterior chamber"", ""option2"": ""No tendency to recurrence"", ""option3"": ""Corneal hyposthesia"", ""option4"": ""Tendency to perforate"", ""option5"": ""n/a""}",option3,,Ophthalmology,No,0.0,0.0,0.0,expert,1.0,,0.0,,,,,,,v3
13b0dcb6856a1ba56632d84162ccf5ae3fd5d75d7d30b7692358eaf6856e6b18,test,Male,Medicine,Licensed Professional,MW,mcq,,"Herpes simplex keratitis is characterized by: 
a. 
b.  
c.  
d. 
","Herpes simplex keratitis is characterized by: 
a. 
b. 
c. 
d. 
","{""option1"": ""Presence of pus in the anterior chamber"", ""option2"": ""No tendency to recurrence"", ""option3"": ""Corneal hyposthesia"", ""option4"": ""Tendency to perforate"", ""option5"": ""n/a""}",option3,,Ophthalmology,No,0.0,0.0,0.0,expert,1.0,,0.0,,,,,,,v3
1379e530ce50d14c33da471b8508770800dd3d969a2c50086858b6f54cc6efd5,test,Male,Medicine,Licensed Professional,MW,mcq,,"The effective treatment of dendritic ulcer of the cornea is: 

","The effective treatment of dendritic ulcer of the cornea is: 

","{""option1"": ""Surface anesthesia"", ""option2"": ""Local corticosteroids"", ""option3"": ""Systemic corticosteroids"", ""option4"": ""Acyclovir ointment"", ""option5"": ""n/a""}",option4,,Ophthalmology,No,0.0,0.0,0.0,expert,1.0,,0.0,,,,,,,v3
b4d5ac70ea908c7550cefc2e572ecc05520d47a86011cb941d7d28cb0d50d368,test,Male,Medicine,Licensed Professional,MW,mcq,,The sure diagnostic sign of corneal ulcer is,The sure diagnostic sign of corneal ulcer is,"{""option1"": ""Ciliary injection"", ""option2"": ""Blepharospasm"", ""option3"": ""Miosis"", ""option4"": ""Positive fluorescein test"", ""option5"": ""n/a""}",option4,,Ophthalmology,No,0.0,0.0,0.0,expert,1.0,,0.0,,,,,,,v3
47b6ce3c3c677f2dc8c85e8a62329f3827280ff4b186b6b3cbba8b7c2dd94cbc,test,Male,Medicine,Licensed Professional,MW,mcq,,"Fifth nerve palsy could cause: 
","Fifth nerve palsy could cause: 
","{""option1"": ""Ptosis"", ""option2"": ""Proptosis"", ""option3"": ""Neuropathic keratopathy"", ""option4"": ""Lagophthalmos"", ""option5"": ""n/a""}",option3,,Ophthalmology,No,0.0,0.0,0.0,expert,1.0,,0.0,,,,,,,v3
f122d8911203e3d3a00fe0803dd6c05883ee66355b4a65f75a23a678c9fb225c,test,Male,Medicine,Licensed Professional,MW,mcq,,"A female patient 18 years old, who is contact lens wearer since two years, is complaining of redness, lacrimation and foreign body sensation of both eyes. On examination, visual acuity was 6/6 with negative fluorescein test. The expected diagnosis can be: ","A female patient 18 years old, who is contact lens wearer since two years, is complaining of redness, lacrimation and foreign body sensation of both eyes. On examination, visual acuity was 6/6 with negative fluorescein test. The expected diagnosis can be: ","{""option1"": ""Acute anterior uveitis"", ""option2"": ""Giant papillary conjunctivitis."", ""option3"": ""Bacterial corneal ulcer."", ""option4"": ""Acute congestive glaucoma"", ""option5"": ""n/a""}",option2,,Ophthalmology,No,0.0,1.0,1.0,expert,1.0,,0.0,,,,,,,v3
0986319a5f675acc683f8cced1546210bde484c7d66676c32eada46c3691903e,test,Male,Medicine,Licensed Professional,MW,mcq,,"In trachoma the patient is infectious when there is: 
","In trachoma the patient is infectious when there is: 
","{""option1"": ""Arlt's line"", ""option2"": ""Herbert's pits"", ""option3"": ""Post-trachomatous concretions."", ""option4"": ""Follicles and papillae in the palpebral conjunctiva"", ""option5"": ""n/a""}",option4,,Ophthalmology,Yes,0.0,0.0,0.0,expert,1.0,,0.0,,,,,,,v3
6a199c3f5605408b5f055a437961e180d7db8eba2c766cf37b6ccfbc269128b0,test,Male,Medicine,Licensed Professional,MW,mcq,,"A painful, tender, non itchy localized redness of the conjunctiva can be due to: ","A painful, tender, non itchy localized redness of the conjunctiva can be due to: ","{""option1"": ""Bulbar spring catarrh."", ""option2"": ""Episcleritis."", ""option3"": ""Vascular pterygium."", ""option4"": ""Phlyctenular conjunctivitis."", ""option5"": ""n/a""}",option2,,Ophthalmology,No,0.0,0.0,0.0,expert,1.0,,0.0,,,,,,,v3
81f9f8ef78d769a27c4ec0eef8a97aa4a494c1eb722134acc4d6d67417f12db5,test,Male,Medicine,Licensed Professional,MW,mcq,,"Tranta's spots are noticed in cases of: 
a. 
b. 
c. 
d.  
","Tranta's spots are noticed in cases of: 
a. 
b. 
c. 
d. 
","{""option1"": ""Active trachoma"", ""option2"": ""Bulbar spring catarrh"", ""option3"": ""Corneal phlycten"", ""option4"": ""Vitamin A deficiency"", ""option5"": ""n/a""}",option2,,Ophthalmology,No,0.0,0.0,0.0,expert,1.0,,0.0,,,,,,,v3
27d4685d4e2338ed28bf263addfc9b93723c6b9bd8ad8fd02ed94a0f3055470e,test,Male,Medicine,Licensed Professional,MW,mcq,,"A patient complains of maceration of skin of the lids and conjunctiva redness at the inner and outer canthi. Conjunctival swab is expected to show: 
","A patient complains of maceration of skin of the lids and conjunctiva redness at the inner and outer canthi. Conjunctival swab is expected to show: 
","{""option1"": ""Slaphylococcus aureus"", ""option2"": ""Streptococcus viridans"", ""option3"": ""Streptococcus pneumonae"", ""option4"": ""Morax- Axenfeld diplobacilli"", ""option5"": ""n/a""}",option4,,Ophthalmology,No,0.0,0.0,0.0,expert,1.0,,0.0,,,,,,,v3
6ac65467f396921ccd187a03f3661d18b20904828a15be3c8b86a81067cb0c37,test,Male,Medicine,Licensed Professional,MW,mcq,,"Corneal Herbert's rosettes are found in:
","Corneal Herbert's rosettes are found in:
","{""option1"": ""Mucopurulent conjunctivitis"", ""option2"": ""Phlyctenular keratoconjunctivitis"", ""option3"": ""Active trachoma"", ""option4"": ""Spring catarrh"", ""option5"": ""n/a""}",option3,,Ophthalmology,No,0.0,0.0,0.0,expert,1.0,,0.0,,,,,,,v3
52a4661a959989e0b13b9b28b7130904fccdece4ccc09a2e58a3ef786e061954,test,Male,Medicine,Licensed Professional,MW,mcq,,"In viral epidemic kerato-conjunctlvitis characteristically there is usually: 
a. 
c. 
d. 
","In viral epidemic kerato-conjunctlvitis characteristically there is usually: 
a. 
c. 
d. 
","{""option1"": ""Copious purulent discharge  b."", ""option2"": ""Copious muco-purulent discharge"", ""option3"": ""Excessive watery lacrimation"", ""option4"": ""Mucoid ropy white discharge"", ""option5"": ""n/a""}",option3,,Ophthalmology,No,0.0,0.0,0.0,expert,1.0,,0.0,,,,,,,v3
be2d6a5c2aafa636ba7c1e0644de39d0adab1d16eba0ed4f87339253b79e2805,test,Male,Medicine,Licensed Professional,MW,mcq,,"Ten years old boy complains of itching. On examination, there are mucoid nodules with smooth rounded surface on the limbus, and mucous white ropy mucopurulent conjunctival discharge. He most probably suffers from: ","Ten years old boy complains of itching. On examination, there are mucoid nodules with smooth rounded surface on the limbus, and mucous white ropy mucopurulent conjunctival discharge. He most probably suffers from: ","{""option1"": ""Trachoma"", ""option2"": ""Mucopurulent conjunctivitis"", ""option3"": ""Bulbar spring catarrh"", ""option4"": ""Purulent conjunctivitis"", ""option5"": ""n/a""}",option3,,Ophthalmology,No,0.0,1.0,1.0,expert,1.0,,0.0,,,,,,,v3
dc146697e30ef760eca740c4997ac2b8507ed3648ff62e291e57eff149af628d,test,Male,Medicine,Licensed Professional,MW,mcq,,"Patching of the eye is contraindicated in: 
a. 
b. 
c. 
d.  
","Patching of the eye is contraindicated in: 
a. 
b. 
c. 
d. 
","{""option1"": ""Corneal abrasion"", ""option2"": ""Bacterial corneal ulcer"", ""option3"": ""Mucopurulent conjunctivitis"", ""option4"": ""After glaucoma surgery"", ""option5"": ""n/a""}",option3,,Ophthalmology,No,0.0,0.0,0.0,expert,1.0,,0.0,,,,,,,v3
6185ff05d5decc7cb995a432294cd91c4c26b6fc41740e7b79f411532083cdeb,test,Male,Medicine,Licensed Professional,MW,mcq,,"A young child suffering from fever and sore throat began to complain of lacrimation. On examination, follicles were found in the lower palpebral conjunctiva with tender preauricular lymph nodes. The most probable diagnosis is: 
","A young child suffering from fever and sore throat began to complain of lacrimation. On examination, follicles were found in the lower palpebral conjunctiva with tender preauricular lymph nodes. The most probable diagnosis is: 
","{""option1"": ""Trachoma"", ""option2"": ""Staphylococal conjunctivitis"", ""option3"": ""Adenoviral conjunctivitis"", ""option4"": ""Phlyctenular conjunctivitis"", ""option5"": ""n/a""}",option3,,Ophthalmology,No,0.0,1.0,0.0,expert,1.0,,0.0,,,,,,,v3
ff5e27fb2f560a11c7f444bdacf920876a2da56f85099cd31ef3eb0c8e3a51c8,test,Male,Medicine,Licensed Professional,MW,mcq,,"A 12 years old boy receiving long-term treatment for spring catarrh, developed defective vision in both eyes. The likely cause is: 
","A 12 years old boy receiving long-term treatment for spring catarrh, developed defective vision in both eyes. The likely cause is: 
","{""option1"": ""Posterior subcapsular cataract"", ""option2"": ""Retinopathy of prematurity"", ""option3"": ""Optic neuritis"", ""option4"": ""Vitreous hemorrhage"", ""option5"": ""n/a""}",option1,,Ophthalmology,No,0.0,1.0,1.0,expert,1.0,,0.0,,,,,,,v3
691024e53abf29d80adaa50924f218dbdc148bb926acd482de802dcaa6c60ff2,test,Male,Medicine,Licensed Professional,MW,mcq,,"Which of the following organism can penetrate intact corneal epithelium? 

","Which of the following organism can penetrate intact corneal epithelium? 

","{""option1"": ""Strept pyogenes"", ""option2"": ""Staph aureus"", ""option3"": ""Pseudomonas pyocyanaea"", ""option4"": ""Corynebacterium diphtheriae"", ""option5"": ""n/a""}",option4,,Ophthalmology,No,0.0,0.0,0.0,expert,1.0,,0.0,,,,,,,v3
7ff78e2353f6be5926ec2844540ab4879b956f62367232739f1b7f9a56aa525d,test,Male,Medicine,Licensed Professional,MW,mcq,,"A recurrent bilateral conjunctivitis occurring with the onset of hot weather in young boys with symptoms of burning, itching, and lacrimation with large flat topped cobble stone papillae raised areas in the palpebral conjunctiva is: 

","A recurrent bilateral conjunctivitis occurring with the onset of hot weather in young boys with symptoms of burning, itching, and lacrimation with large flat topped cobble stone papillae raised areas in the palpebral conjunctiva is: 

","{""option1"": ""Trachoma"", ""option2"": ""Phlyctenular conjunctivitis"", ""option3"": ""Mucopurulent conjunctivitis"", ""option4"": ""Vernal keratoconjunctivitis"", ""option5"": ""n/a""}",option4,,Ophthalmology,No,0.0,0.0,1.0,expert,1.0,,0.0,,,,,,,v3
3dd01fd60996a3aa08fb7ffb46c4ae626ab37b4315e6b1f137c37e24ad8bf492,test,Male,Medicine,Licensed Professional,MW,mcq,,"Phlycten is due to: 
","Phlycten is due to: 
","{""option1"": ""Endogenous allergy"", ""option2"": ""Exogenous allergy"", ""option3"": ""Degeneration"", ""option4"": ""None of the above"", ""option5"": ""n/a""}",option1,,Ophthalmology,No,0.0,0.0,0.0,expert,1.0,,0.0,,,,,,,v3
bddce3eb7e9b48ac8317349ee9655f71dc8b67964b733e99d873793294fa6e58,test,Male,Medicine,Licensed Professional,MW,mcq,,"The color of fluorescein staining in corneal ulcer is: 

","The color of fluorescein staining in corneal ulcer is: 

","{""option1"": ""Yellow"", ""option2"": ""Blue"", ""option3"": ""Green"", ""option4"": ""Royal blue"", ""option5"": ""n/a""}",option3,,Ophthalmology,No,0.0,0.0,0.0,expert,1.0,,0.0,,,,,,,v3
aef9035e085cd8a04f217e4e1cbc3d4de8ddd76e72dc3d727d3393ae067a2040,test,Male,Medicine,Licensed Professional,MW,mcq,,"Corneal sensations are diminished in: 
","Corneal sensations are diminished in: 
","{""option1"": ""Herpes simplex"", ""option2"": ""Conjunctivitis"", ""option3"": ""Fungal infections"", ""option4"": ""Marginal keratitis"", ""option5"": ""n/a""}",option1,,Ophthalmology,No,0.0,0.0,0.0,expert,1.0,,0.0,,,,,,,v3
328102a6dad545b6ce7e510e727d21f7c294d75fa719dadb2c0ba9f732de3121,test,Male,Medicine,Licensed Professional,MW,mcq,,"Dense scar of cornea with incarceration of iris is known as: 

","Dense scar of cornea with incarceration of iris is known as: 

","{""option1"": ""Adherent Leucoma"", ""option2"": ""Dense leucoma"", ""option3"": ""Ciliary staphyloma"", ""option4"": ""Iris bombe"", ""option5"": ""n/a""}",option1,,Ophthalmology,No,0.0,0.0,0.0,expert,1.0,,0.0,,,,,,,v3
b2a47fef3cb7c43e3dc1a12820e10b7b419c034f5f8262aec0f787a503f39e12,test,Male,Medicine,Licensed Professional,MW,mcq,,"Irrespective of the etiology of a corneal ulcer, the drug always indicated is: 
a.  
b. 
c. 
 
","Irrespective of the etiology of a corneal ulcer, the drug always indicated is: 
a. 
b. 
c. 
 
","{""option1"": ""Corticosteroids"", ""option2"": ""Cycloplegics"", ""option3"": ""Antibiotics"", ""option4"": ""Antifungals"", ""option5"": ""n/a""}",option2,,Ophthalmology,No,0.0,0.0,0.0,expert,1.0,,0.0,,,,,,,v3
78a85dd4e912a8e20cc736c4b0558f3e4ddfd806c093ea1a9505c09f7ab49387,test,Male,Medicine,Licensed Professional,MW,mcq,,"Band shaped keratopathy is commonly caused by deposition of: 
","Band shaped keratopathy is commonly caused by deposition of: 
","{""option1"": ""Magnesium salt"", ""option2"": ""Calcium salt"", ""option3"": ""Ferrous salt"", ""option4"": ""Copper salt"", ""option5"": ""n/a""}",option2,,Ophthalmology,No,0.0,0.0,0.0,expert,1.0,,0.0,,,,,,,v3
42eb24379785eb7bba80faeb456890423c889ac5136f626916c6c0c90fadcbe1,test,Male,Medicine,Licensed Professional,MW,mcq,,"Distichiasis is: 
","Distichiasis is: 
","{""option1"": ""Misdirected eyelashes"", ""option2"": ""Accessory row of eyelashes"", ""option3"": ""Downward drooping of upper lid"", ""option4"": ""Outward protrusion of lower lid"", ""option5"": ""n/a""}",option2,,Ophthalmology,No,0.0,0.0,0.0,expert,1.0,,0.0,,,,,,,v3
2850f42719c7abd1289070c5f5b23644e7278ad78aa8f5044eed7de5147983b9,test,Female,Medicine,Licensed Professional,NG,mcq,,"Which of the following statements is NOT true about the ocular manifestations of systemic diseases and treatment?

 
","Which of the following statements is NOT true about the ocular manifestations of systemic diseases and treatment?

 
","{""option1"": ""Use of chloroquine causes maculopathy"", ""option2"": ""Herpes zoster ophthalmicus is suggestive of HIV infection"", ""option3"": ""Punctate keratitis and koplik spot occur in rubeolar infection"", ""option4"": ""Maesles infection can be associate with vitamin A deficiency"", ""option5"": ""The triad of glaucoma, deafness and heart defect is characteristic of rubella""}",option5,,Ophthalmology,No,0.0,0.0,0.0,expert,0.0,,0.0,,,,,,,v3
5cdc4d6456a42053143f09e1e8eae59e46a4397edc4a69e5e9749ad442ee0e97,test,Female,Medicine,Licensed Professional,NG,mcq,,"Which of the following medications is useful in the immediate postoperative management after Cataract surgery?


 


","Which of the following medications is useful in the immediate postoperative management after Cataract surgery?


 


","{""option1"": ""Acyclovir"", ""option2"": ""Anterllerg"", ""option3"": ""Ivysine"", ""option4"": ""Dexamethasone"", ""option5"": ""Tetracycline""}",option4,,Ophthalmology,No,0.0,0.0,0.0,expert,0.0,,0.0,,,,,,,v3
ca283f35b20ff4b2612e7dd1a4efb12ea558621403b88c8083ef03ff4a9cfa0a,test,Female,Medicine,Licensed Professional,NG,mcq,,"Which of the following is NOT a risk factor for Primary Open angle glaucoma?





","Which of the following is NOT a risk factor for Primary Open angle glaucoma?





","{""option1"": ""Old age"", ""option2"": ""Female sex"", ""option3"": ""Family history"", ""option4"": ""Raised intraocular pressure"", ""option5"": ""Myopia""}",option2,,Ophthalmology,No,0.0,0.0,0.0,expert,0.0,,0.0,,,,,,,v3
ed0e8468c7f8bf6a6ad0510eefec21d94ff5058fadf325c3fa42e24c0d28bf74,test,Female,Medicine,Licensed Professional,NG,mcq,,"A 25year old man was hit in the right eye and developed hyphaema. Which of the following is True concerning its management?






","A 25 year old man was hit in the right eye and developed hyphaema. Which of the following is True concerning its management?






","{""option1"": ""It is due to bleeding in the anterior segment of  the eye"", ""option2"": ""When it is microscopic, it is better drained surgically"", ""option3"": ""It can never result in loss of vision"", ""option4"": ""It can result in cornea staining"", ""option5"": ""Conservative management is not a method of treatment""}",option4,,Ophthalmology,No,0.0,1.0,1.0,expert,0.0,,0.0,,,,,,,v3
2b1dd55a9aa2bc8cefb4adab74c8ec2149f6488578609a6d3eb1e5fe32b48b35,test,Female,Medicine,Licensed Professional,NG,mcq,,"An 11year old child presented with sudden onset inward deviation of Right Eye, following a febrile illness treated with some injections at a private hospital. He has been complaining of neck pain and staggers when walking. What is the most likely diagnosis?





","An 11 year old child presented with sudden onset inward deviation of Right Eye, following a febrile illness treated with some injections at a private hospital. He has been complaining of neck pain and staggers when walking. What is the most likely diagnosis?





","{""option1"": ""Childhood Esotropia"", ""option2"": ""3rd Cranial Nerve palsy"", ""option3"": ""Intracranial infection such as Meningitis"", ""option4"": ""Pseudotumor of the orbit"", ""option5"": ""Retinoblastoma""}",option3,,Ophthalmology,No,0.0,1.0,0.0,expert,0.0,,0.0,,,,,,,v3
c0d122c62f42a1dcc148e9edc835cae533d51eec34fa0e49205dffd05ab978b2,test,Female,Medicine,Licensed Professional,NG,mcq,,"Which of the following statements is true regarding cornea ulcer?

","Which of the following statements is true regarding cornea ulcer?

","{""option1"": ""The nature of eye discharge cannot assist in the diagnosis"", ""option2"": ""It rarely causes pain"", ""option3"": ""Presence of satellite lesion is suggestive of fungal aetiology"", ""option4"": ""Do not usually threaten vision"", ""option5"": ""It never occurs when cornea epithelium is intact""}",option3,,Ophthalmology,No,0.0,0.0,0.0,expert,0.0,,0.0,,,,,,,v3
ba5ad9d82f1876978d610f8ff294a740514a9241f6445e1ead7d786bcfa31a05,test,Female,Medicine,Licensed Professional,NG,mcq,,"Identify  the best management option for a suspected corneal laceration


 

","Identify the best management option for a suspected corneal laceration


 

","{""option1"": ""Prescribe topical and oral antibiotics and have the patient return for follow-up in 48hours"", ""option2"": ""To improve exposure, apply 4 rectus sutures in the operating room, usually with general anesthesia"", ""option3"": ""Perform a thorough, gentle exploration and repair in the operating room, usually under general anesthesia"", ""option4"": ""Irrigate the fornixes to ensure that no particles are left behind"", ""option5"": ""Masterly inactivity""}",option3,,Ophthalmology,No,0.0,0.0,0.0,expert,0.0,,0.0,,,,,,,v3
738acec76ed7d74277c77e3c1e7f70357bf645f57507f3cf076629b69b000df2,test,Female,Medicine,Licensed Professional,NG,mcq,,"A healthy 30-year old woman presents with red eyes of 2days duration. There was associated watering, stinging sensation and mild photophobia. Her vision was 6/9 in each eye. The most likely cause of her red eye is:


 

","A healthy 30-year old woman presents with red eyes of 2 days duration. There was associated watering, stinging sensation and mild photophobia. Her vision was 6/9 in each eye. The most likely cause of her red eye is:


 

","{""option1"": ""Angle-closure glaucoma"", ""option2"": ""Viral conjunctivitis"", ""option3"": ""Diabetic retinopathy"", ""option4"": ""Preseptal cellulitis"", ""option5"": ""Hypopyon keratitis""}",option2,,Ophthalmology,No,0.0,1.0,1.0,expert,0.0,,0.0,,,,,,,v3
a6dfdec683a73387c7243289c1446f9f64273afb165a45f6a64008921c88855f,test,Female,Medicine,Licensed Professional,NG,mcq,,"A 12-year-old child presented with right periorbital oedema, ophthalmoplegia and proptosis. Which of the following is incorrect about the management?

","A 12-year-old child presented with right periorbital oedema, ophthalmoplegia and proptosis. Which of the following is incorrect about the management?

","{""option1"": ""Dental caries may be an inciting condition"", ""option2"": ""Most likely diagnosis is preseptal cellulitis"", ""option3"": ""Most likely diagnosis is orbital cellulitis"", ""option4"": ""It may result in a life-threatening condition"", ""option5"": ""Urgent admission into the hospital is required""}",option2,,Ophthalmology,No,0.0,1.0,0.0,expert,0.0,,0.0,,,,,,,v3
e445a373619842277610134bc92e14c32da73b4a3875151ec334643788197221,test,Female,Medicine,Licensed Professional,NG,mcq,,"In the management of ophthalmia neonatorum which of the following will NOT be helpful
 


","In the management of ophthalmia neonatorum which of the following will NOT be helpful
 


","{""option1"": ""Time of appearance of first symptom"", ""option2"": ""History of vaginal discharge in the mother"", ""option3"": ""Gestational age of pregnancy before delivery"", ""option4"": ""Use of Crede\u2019s prophylaxis"", ""option5"": ""Microscopy, culture and sensitivity of eye discharge""}",option4,,Ophthalmology,No,0.0,0.0,0.0,expert,0.0,,0.0,,,,,,,v3
